State,Year,HLp,EIr,PerTscr,Dr,state_per_capita_fund,drinks_per_capita,Health_care_expenditure,age_under5,Total_population,uninsured_under18_rate,Median_household_income,under18_poverty_rate,F_income_below_poverty_rate,Per_rep_women_uninsured,Per_women_breastfed,EI,TDia,EIrd
Alaska,2009,1.7966903073286051,0,95.27027027027027,2.8368794326241136,51,660.83002,8550,54781,698473,136.37926236351433,66953,128.14770881718763,61.58559459797424,0.2499,0.845,0,30,0
Arizona,2009,1.25161894189223,1.1210152262165192,98.44638973117183,3.852809612433474,13,526.53003,5877,516587,6595778,120.15916162084478,48745,233.53695311894978,115.89878717636299,0.2197,0.721,103,354,290.96045197740114
Arkansas,2009,1.0807676086039646,0.31632222690847744,97.81353135313532,2.372416701813581,28,397.70001,6223,202311,2889450,62.34894238443208,37823,271.54788234905755,147.57473077143288,0.2576,0.66,12,90,133.33333333333334
California,2009,1.8018470865949925,1.5563164213615543,97.9825609920117,3.971023514877805,71,498.42001,6207,2749180,36961664,94.55881263580257,58931,198.8888448526982,106.07030411344243,0.2271,0.869,805,2054,391.9182083739046
Connecticut,2009,1.9708216022523677,1.177373944202713,98.9589929333097,12.336831328384951,27,501.06,8721,209369,3518288,37.72067144356897,67034,121.16501892011534,66.79617755718505,0.1083,0.826,46,482,95.43568464730289
Florida,2009,1.0629262018589074,0.7911277210182736,95.71137238870796,1.08234037906181,26,565.78003,7118,1163157,18537969,148.25654380852905,44736,213.26189911080266,107.48721069128531,0.2803,0.765,163,223,730.9417040358744
Georgia,2009,1.4712935189926923,1.2680761821152486,98.95989188667409,3.438437339966347,20,446.59,5527,744399,9829211,109.15292956564244,47590,223.33353767705205,126.97461714335378,0.2489,0.661,156,423,368.79432624113474
Hawaii,2009,3.1540594920876615,2.3927347871009843,97.4251655629139,6.688781336668661,170,550.19,6510,88446,1295178,24.539493790459257,64098,138.05198277560442,75.01143810855571,0.0831,0.849,44,123,357.7235772357724
Idaho,2009,1.9387709094188197,1.5780693448757834,99.27487578890828,23.084900130754317,80,486.20001,5668,123376,1545801,112.32459370785227,44926,181.3018014642789,99.15813642016647,0.2311,0.907,35,512,68.359375
Indiana,2009,1.541635756676558,1.054803412462908,98.53801169590643,16.772533382789316,13,455.34,6710,443811,6423113,88.45947294932301,45424,199.53732483684155,107.33158175746809,0.187,0.717,91,1447,62.88873531444368
Iowa,2009,1.661002223187591,1.1243707356962156,98.64633224098816,6.465131730253239,22,520.27002,6889,198655,3007857,45.7111814993641,48044,156.95085917553573,76.64150366671595,0.1257,0.794,44,253,173.91304347826087
Kansas,2009,1.3661529611964622,0.7909306617453203,98.13251170120188,5.656352611269564,17,446.60999,6727,204650,2818747,82.35943800888707,47817,176.18476069669865,89.81266469209243,0.1795,0.768,33,236,139.83050847457625
Kentucky,2009,1.592527645564184,0.5010199334359232,99.136111258936,19.59345811115485,46,411.53,6676,290407,4314113,63.45535996658118,40072,255.94580782219194,143.88102084298123,0.2137,0.599,28,1095,25.570776255707763
Louisiana,2009,0.8860899697780029,0.7278596180319309,97.48268575218646,29.794775233785344,43,588.53003,6929,318567,4492076,64.93727882474218,42492,242.15321180320288,132.55747414073358,0.2536,0.539,46,1883,24.42910249601699
Maine,2009,1.075268817204301,0.15360983102918588,97.50617838687936,9.5238095238095255,26,563.08002,8192,71361,1318301,56.18251737908593,45734,171.12757126844195,83.25732749071386,0.1263,0.74,2,124,16.129032258064516
Maryland,2009,0.6761420461748672,0,98.90218587609188,4.113197447563776,37,479,7518,379559,5699478,47.882887661262025,69272,115.757122622192,61.334149608245525,0.1385,0.753,0,292,0
Massachusetts,2009,2.8462617759069953,2.285027059530968,99.16780408942132,15.474042894367608,66,542.47998,9361,384902,6593587,13.850611066649426,64081,131.10327403256304,69.75402955704254,0.0474,0.82,171,1158,147.66839378238342
Michigan,2009,1.050420168067227,0.3326330532212885,97.38383244252358,5.339635854341736,22,491.66,6824,615494,9969727,45.590455494787626,45255,225.01370007696283,115.74643844615846,0.1638,0.75,38,610,62.295081967213115
Missouri,2009,1.1673700819724706,0.9108052287917078,98.27164540366094,6.568060241427527,9,540.22998,6818,404096,5987580,69.00628565862054,45229,207.11626483296675,109.15817607515996,0.1872,0.76,71,512,138.671875
Montana,2009,2.1373001624348125,1.7953321364452424,95.8456243854474,3.07771223390613,24,659.79999,6637,60924,974989,129.1677820072501,42322,214.21942740003047,99.30066966177841,0.2574,0.851,21,36,583.3333333333334
Nebraska,2009,1.5918261577758857,1.4067300929182245,99.316151329093,6.1822085662458814,38,516.20001,7104,134121,1796622,62.9251662460419,47357,152.37511253192233,84.1918395688763,0.1639,0.77,38,167,227.5449101796407
Nevada,2009,NA,NA,NA,NA,4,705.39001,5695,202314,2643085,178.00856710039872,53341,175.58614912951396,89.71491658178276,0.2825,0.802,NA,NA,NA
New Jersey,2009,1.102650130056169,0.8104949673917141,99.12281521200968,4.872394164436235,32,507.45001,7756,555018,8707740,63.50704038653525,68342,134.6174541569952,69.52202800052116,0.1613,0.805,86,517,166.34429400386847
New Mexico,2009,2.4723576677426,2.4723576677426,51.423223619155245,8.103839022045188,62,530.67999,6264,149790,2009671,114.25642581764566,43028,252.61366638929533,135.82984532879894,0.273,0.75,36,118,305.08474576271186
North Carolina,2009,1.566793427340939,1.5274267583122725,99.24207499550717,2.83440017006401,14,446.41,6454,654065,9380884,81.85278545246403,43674,225.4505107872553,119.04939231206977,0.2112,0.691,194,360,538.8888888888889
North Dakota,2009,0.7935720662632675,0.7935720662632675,98.80427325296482,3.17428826505307,21,658.20001,7707,42549,646844,56.29783829329254,47827,129.94787191384543,65.84878479483247,0.116,0.757,8,32,250
Ohio,2009,1.068284761986155,0.7477993333903085,96.472592857241,16.807680255248837,14,457.17999,7242,737279,11542645,63.588137977039246,45395,218.53764426959071,111.30240287946515,0.1564,0.664,105,2360,44.49152542372881
Oklahoma,2009,1.7657110309474084,1.348015948357699,98.20080171529784,37.17486235048415,74,433.22,6514,271982,3687050,111.7774683673836,41664,222.16328569071462,121.26211025188059,0.258,0.701,71,1958,36.26149131767109
Oregon,2009,1.6930274003118737,0.9356204054355092,98.74397835507358,13.432835820895525,16,571.97998,6502,244858,3825657,103.89137924307005,48457,191.7333193318982,98.48666199051459,0.2303,0.852,42,603,69.65174129353234
Pennsylvania,2009,1.4363585438197082,1.2280865549658506,95.5072672524367,11.3328689107375,20,508.76999,7655,743817,12604767,53.30492872091022,49520,171.34554416690472,86.1080932915122,0.1256,0.7,171,1578,108.36501901140684
Rhode Island,2009,0.6613209886748781,0.5786558650905183,98.9125102207686,3.38927006695875,49,539.28003,8343,60170,1053209,54.23039425448096,54119,168.6761530517817,85.69242837282633,0.1307,0.706,7,41,170.7317073170732
South Carolina,2009,1.1144464616324845,0.7729225459709166,96.11118789302743,20.635234483130517,25,524.21002,6338,311124,4561242,99.64672569720432,42442,244.40816311149382,128.6755733980429,0.2293,0.613,43,1148,37.45644599303136
South Dakota,2009,0.32496547241855556,0,98.61400416599903,1.1373791534649442,29,593.40002,7372,59673,812383,75.71410239958938,45043,185.16856980401772,90.36447771550313,0.188,0.726,0,14,0
Tennessee,2009,0.846262341325811,0.3643629525152797,97.6348676283265,30.38316878232252,46,408.04999,6497,422330,6296254,58.67429402470602,41725,238.56269540639417,131.00222176253317,0.1867,0.644,31,2585,11.992263056092844
Texas,2009,1.1630190546389414,0.15812978374476833,98.53708432184648,2.3311390700438426,16,508.91,5973,2065983,24782302,162.79862687252916,48259,244.26828841560433,134.24844372416945,0.3161,0.772,62,914,67.83369803063458
Utah,2009,1.3093591516828031,1.0511756569847857,98.45486237199506,3.485477178423237,30,301.60001,5099,271026,2784572,102.58346156457849,55117,121.97416935590668,78.16324768933859,0.1715,0.884,57,189,301.58730158730157
Vermont,2009,1.0681858643403952,0.8901548869503294,97.24722991689752,1.0681858643403952,77,612.39001,8464,32433,621760,31.538084470517543,51618,132.81640014815528,73.02831697450532,0.1018,0.852,5,6,833.3333333333334
Virginia,2009,0.9752311198240604,0.6468369672302441,97.5043906036231,2.059926957179393,39,465.64001,6414,525246,7882590,65.98594671866681,59330,139.3349068991888,74.64952218891965,0.1566,0.798,65,207,314.0096618357488
Washington,2009,1.4509187119743467,0.3292000438933392,91.94730941704036,4.462489483887486,36,514.52002,6805,450323,6664195,68.51689029906852,56548,162.23579199823038,80.71764093597227,0.1775,0.87,27,366,73.77049180327869
West Virginia,2009,NA,NA,NA,NA,89,402.89999,7748,107120,1819777,55.19440664641679,37435,236.0352681068698,138.68761413751147,0.2219,0.58,NA,NA,NA
Wisconsin,2009,1.2764646331264582,1.1004005457986707,97.8859383302934,6.455683202018868,10,656.56,7441,360496,5654774,50.203517400872094,49993,166.91604995554698,82.2008444990739,0.1086,0.801,75,440,170.45454545454544
Wyoming,2009,2.6847534265931894,2.260844990815317,97.80265339966832,4.380387169704677,60,606.65997,6943,39127,544270,89.5258563630559,52664,125.78294268268664,63.1260499515541,0.2033,0.837,16,31,516.1290322580645
Alaska,2010,1.8765246762994932,1.125914805779696,94.69569080408708,2.81478701444924,63,660.34998,8927,53582,713985,121.51566090731127,64576,129.07902309772282,71.85457014263223,0.2012,0.848,12,30,400
Arizona,2010,1.6843756849986733,1.2575133538688723,98.38706015891032,3.737929602325823,10,529.15002,6020,455776,6413737,127.59251772007526,46789,244.2108500798203,125.44270705515528,0.2197,0.819,109,324,336.41975308641975
Arkansas,2010,0.8161044613710555,0.40805223068552776,97.91699962708434,1.7682263329706205,36,396.29001,6378,194451,2921606,65.54370473121372,38307,276.06544438614077,140.85696535546214,0.2673,0.63,15,65,230.76923076923077
California,2010,1.8286161625946185,1.5992978113935636,98.99526596879336,3.9774872639355374,66,473.47,6480,2528898,37349363,89.65224486421177,57708,219.7701579690317,117.92689015893076,0.2352,0.886,809,2012,402.0874751491054
Connecticut,2010,1.7775454188994904,1.176316821330545,99.26308414852488,11.240360737158545,24,508.73001,8831,201685,3577073,29.587367026171457,64032,128.43476566717254,71.50555137689864,0.1128,0.802,45,430,104.65116279069768
Florida,2010,0.8804648080151324,0.5611753721415129,96.08919589814153,1.872197146713496,22,552.79999,7269,1067986,18843326,127.0432632365866,44409,234.7125874999873,120.42471576258578,0.2933,0.725,116,387,299.74160206718346
Georgia,2010,1.6771999908516364,1.4637381738341555,99.35541046189272,5.1230836084195435,13,441.03,5551,682314,9712587,97.9038880447269,46430,248.47581628505623,136.5818248267266,0.2642,0.723,192,672,285.7142857142857
Hawaii,2010,3.2878779712175925,2.533283027003719,97.95670538542768,8.947340052821646,171,546.63,6440,86693,1363621,36.60661066123078,63030,138.5542371115659,73.65833539552915,0.0934,0.878,47,166,283.13253012048193
Idaho,2010,1.941568047337278,1.386834319526627,99.45289871730036,28.753698224852073,77,480.32001,5909,120708,1571450,105.0768627304481,43490,189.72298403384568,115.82206338382204,0.25,0.906,30,622,48.23151125401929
Indiana,2010,1.6202752049527218,1.1245193586612172,97.45813643809144,19.62467654953931,13,449.47,6859,433315,6490621,89.0408907084727,44613,217.04383921203214,109.81256784348575,0.2064,0.688,93,1623,57.30129390018484
Iowa,2010,1.6548463356973997,1.12949829261886,98.6243879692236,5.778828473863935,20,517.39001,7095,199665,3049883,40.2431826557785,47961,162.56147223357334,82.42080809506052,0.1312,0.718,43,220,195.45454545454547
Kansas,2010,1.7313694888802185,0.9998049161139292,98.56744543793866,6.413382754584472,15,437.23999,6803,205100,2859169,82.40963722556197,48257,183.67421189324736,94.67538442776527,0.1948,0.794,41,263,155.893536121673
Kentucky,2010,1.5113814394986638,0.7925536816883236,99.30084009004888,34.44843793198783,46,408.13,6861,279755,4346266,60.076101632502755,40062,262.64443644796285,145.04053928116554,0.2161,0.604,43,1869,23.006955591225257
Louisiana,2010,0.9860779168686176,0.8189460665519027,96.25488650439986,30.000167131850315,47,568.21002,7187,314008,4544228,55.4355451084091,42505,272.8741541491974,144.93272176399788,0.2535,0.58,49,1795,27.298050139275766
Maine,2010,1.3597824348104304,0.639897616381379,97.58039338120513,10.47832346824508,30,565.90997,8342,68570,1327567,40.04057151645197,45815,178.0552591719332,88.02935180466108,0.1325,0.758,8,131,61.06870229007633
Maryland,2010,0.8964781216648879,0,99.01652741183268,5.549626467449306,31,482.10001,7744,364928,5785982,47.62776007010313,68854,130.25211032450733,66.29454215835939,0.145,0.767,0,390,0
Massachusetts,2010,2.6273074912652343,2.049574953918952,99.20578602620088,14.55335772648491,57,543.23999,9533,366335,6557254,15.325719245716192,62072,143.4280106619128,82.40617711476824,0.049,0.8,149,1058,140.83175803402648
Michigan,2010,1.2884522467386053,0.39369374205901825,98.23589905861878,5.413288953311501,20,492.07001,7089,592380,9877574,40.79091562208473,45413,234.54724220874112,120.71923405001635,0.1668,0.761,44,605,72.72727272727272
Missouri,2010,1.3172800800906288,1.0801696656743158,98.1549242962982,8.852122138209026,8,533.75,6990,387426,5996231,62.34924632001867,44301,209.09812827211022,106.22094144787864,0.189,0.763,82,672,122.02380952380952
Montana,2010,2,1.217391304347826,95.31703273932864,2.434782608695652,26,663.87,6919,61872,990898,124.44063127949245,42666,200.57584648976248,100.08268057476714,0.2366,0.903,14,28,500
Nebraska,2010,1.6897730327585545,1.1521179768808325,99.20374885705576,4.301240447021775,40,513.12,7406,131637,1830429,56.08136526982647,48408,181.81051790884183,87.97477407468291,0.1729,0.834,30,112,267.85714285714283
Nevada,2010,0.7264274298997531,0.4067993607438617,99.6236792589376,4.067993607438616,3,724.40997,5788,186705,2704642,173.77083264280398,51001,219.83825109954188,111.28428635299194,0.2886,0.78,14,140,100
New Jersey,2010,0.913756901780854,0.5832490862430982,99.14704550054454,4.092464421805739,31,510.29999,7815,538571,8801624,60.00422852504672,67681,144.84390877382955,77.83067640497553,0.1649,0.771,60,421,142.51781472684087
New Mexico,2010,2.816306414137858,1.830599169189608,52.55115255115255,50.83433077518834,56,506.14999,6430,144016,2065932,102.17363587542354,42090,299.932613897163,157.2904775969283,0.2805,0.803,26,722,36.011080332409975
North Carolina,2010,1.6497068095323653,1.3066984629959328,99.49458835765591,3.3402479460333536,14,443.35001,6518,632020,9561558,77.47794597064258,43326,248.65121013586494,133.01030829889316,0.2326,0.721,160,409,391.19804400978
North Dakota,2010,2.0497803806734995,0.4880429477794046,98.77554955649826,4.685212298682284,20,650.64001,8011,44441,674499,64.64012577610787,48670,162.26727403629414,78.00168658582686,0.1187,0.859,5,48,104.16666666666667
Ohio,2010,1.3414848698099928,0.886992728125733,97.55078982558764,19.675111423879898,15,454.14999,7397,716052,11536182,59.64888502247781,45090,233.21517783511513,117.52818394740461,0.16,0.603,121,2684,45.08196721311476
Oklahoma,2010,1.628822400186151,1.0858816001241007,99.07021419652293,33.79806480386264,72,430.95001,6664,263904,3761702,99.55463448069563,42072,247.4075464655207,126.8512563087798,0.2766,0.709,56,1743,32.128514056224894
Oregon,2010,1.6432353478181487,1.004199379222202,95.69737474337133,7.280445499360964,16,551.37,6750,236032,3838957,87.53677651664853,46560,215.68505540552906,110.21609737564903,0.2305,0.912,44,319,137.9310344827586
Pennsylvania,2010,1.2857132421158748,0.978895309338223,95.95539012610492,11.198854546384297,15,516.13,8069,726391,12709630,51.89773499918833,49288,190.54626846936526,93.33179056262138,0.1388,0.725,134,1533,87.41030658838878
Rhode Island,2010,1.4501407489550455,1.2795359549603345,98.98674322384532,5.374051010833405,48,554.42999,8460,57112,1052886,55.76639728535072,52254,190.447192977708,91.77004243419448,0.1516,0.711,15,63,238.09523809523807
South Carolina,2010,1.0618084274058344,0.5774747587645765,96.55209626072411,20.397898737006816,21,516.23999,6507,301793,4636312,94.44522229032238,42018,260.70084202423755,138.1153514860416,0.2363,0.672,31,1095,28.310502283105023
South Dakota,2010,0.5764638063081611,0,98.06977871103214,0.9882236679568476,31,601.35999,7766,57488,816463,83.10394090386424,45904,181.61707887413573,92.07024491616387,0.1663,0.762,0,12,0
Tennessee,2010,0.7557565488742884,0.3291197874129966,97.04730696887606,31.229810938966565,42,418.23999,6630,406413,6356897,53.07357793900865,41461,256.5837599340756,133.72517168258662,0.1874,0.655,27,2562,10.53864168618267
Texas,2010,0.8545109181627222,0.1693148568495796,98.60258614168217,2.1561188801938656,19,499.92001,6111,1929338,25257114,144.92289291686387,48615,257.49363834385497,138.46762503714137,0.3224,0.772,64,815,78.52760736196319
Utah,2010,1.2351778656126482,0.9881422924901184,98.6928227152529,3.0404378230465183,30,299.04999,5133,263603,2776469,108.79233624737616,54744,157.21326684448567,97.13137647080022,0.1988,0.859,52,160,325
Vermont,2010,0.8833922261484098,0.7067137809187278,97.99168975069252,4.063604240282685,75,617.28998,8850,32268,625960,20.2605255242517,49406,166.6312014816566,83.65551843649513,0.0861,0.828,4,23,173.91304347826087
Virginia,2010,1.4790549930514196,0.7643438554695255,99.54348728286004,3.504069882866786,38,468.98999,6548,507432,8024617,65.62269383915466,60674,144.74819325287785,77.46285112638564,0.1696,0.801,77,353,218.13031161473086
Washington,2010,1.4138833422217811,0,93.20194197202636,4.365674881246202,43,492.57001,6912,438209,6744496,64.19337231574744,55631,182.08129539291917,91.78856015216017,0.1874,0.912,0,352,0
West Virginia,2010,0.2445226917057903,0.1467136150234742,99.02179176755448,0.2445226917057903,71,403.94,7920,101877,1853973,45.46893898887545,38218,254.58886971412466,132.2140133264148,0.2313,0.593,3,5,600
Wisconsin,2010,1.3777441332323996,0.8024224072672218,98.15139536957231,7.433762301286904,9,650.53998,7605,355052,5691047,50.30138859115637,49001,190.72346753839648,91.41063432168286,0.1148,0.739,53,491,107.9429735234216
Wyoming,2010,2.809404110601804,2.365813987875203,97.71709290564948,3.992311104539406,58,588.06,7244,41020,564460,79.04337549273649,53512,143.10667776654577,72.04499504728821,0.2209,0.855,16,27,592.5925925925926
Alaska,2011,1.6423357664233578,1.0036496350364963,96.69166299073666,4.744525547445255,78.21,622.59003,9343,54031,722718,117.78400494384896,67825,145.49725920125294,69.39098217325817,0.222595,0.873,11,52,211.53846153846155
Arizona,2011,1.7720651647429917,0.7324536014271031,97.66811279826464,3.804033220314955,8.47,525.52002,6075,447964,6482505,128.50853665304007,46709,272.23576950809166,140.941614316258,0.222479,0.816,62,322,192.54658385093168
Arkansas,2011,1.05622359441014,0.4604051565377532,97.5303098338572,1.977033907485646,51.37,383.91,6541,197666,2937979,56.35587003870851,38758,280.94918161675366,148.61761346002734,0.267163,0.671,17,73,232.8767123287671
California,2011,1.8158294014059475,1.572093911284344,97.87700590040872,4.484733018237508,64.85,490.26001,6741,2533655,37691912,80.49713449365824,57287,228.38037459245024,123.98306841636068,0.232919,0.928,774,2208,350.54347826086956
Connecticut,2011,2.0220294790613527,1.5963390624168572,99.37076988155668,11.866120363965306,22.26,507.84,8910,196206,3580709,29.135663987038075,65753,149.49473851097912,78.99554473682149,0.097326,0.833,60,446,134.52914798206277
Florida,2011,0.8226926877710871,0.5549524639402599,96.82365362317476,2.7309502830744363,23.49,562.29999,7375,1074324,19057542,119.16690118200748,44299,249.1113985771701,123.77468772053867,0.28663,0.77,114,561,203.20855614973263
Georgia,2011,NA,NA,NA,NA,16.81,440.62,5696,674027,9815210,95.2093097196258,46007,263.4975351999358,146.94605405369003,0.266379,0.703,NA,NA,NA
Hawaii,2011,2.7908973808501503,2.254186346071275,98.47780126849896,6.333190210390725,154.8,553.79999,6460,88020,1374810,36.10927495338351,61821,169.91676972958518,85.56427584039206,0.07921,0.895,42,118,355.9322033898305
Idaho,2011,2.5842313130820616,2.3891949875664342,99.34605696570432,32.61982544248866,78.37,481.23999,6052,118486,1584985,91.24627690463257,43341,204.29981146648373,115.98466948595623,0.210861,0.844,49,669,73.24364723467862
Indiana,2011,1.94295012689893,1.15362663784624,97.23580115716142,24.566175666978346,12.91,447.17999,7104,428324,6516922,80.77440519666976,46438,230.38209850927316,117.44626045379857,0.20242,0.741,95,2023,46.95996045477014
Iowa,2011,1.1472173309855398,0.933781548476602,98.51240538267452,5.576009818045995,17,529.53003,7310,198202,3062309,43.98935086569258,49427,172.87665641559758,81.2490842724186,0.131059,0.821,35,209,167.4641148325359
Kansas,2011,1.603688483512078,1.2278239951889345,98.65519628201324,5.237045203969129,15.1,424.45001,7071,202040,2871238,64.25997384953918,48964,188.15845456364133,92.33036387005274,0.187121,0.774,49,209,234.44976076555025
Kentucky,2011,1.3903502179467908,0.676386592514655,99.71709601873536,39.77528934315346,44.44,397.91,7097,279098,4369356,61.04318108056323,41141,274.28096783253557,146.66124941958066,0.211332,0.613,36,2117,17.005196032120924
Louisiana,2011,1.0668266906702673,0.7667816839192546,98.48151552958171,34.25513827074061,49.7,572.09998,7124,312975,4574836,57.849641947098924,41734,287.75212572817685,160.86412565718462,0.250255,0.569,46,2055,22.38442822384428
Maine,2011,1.791530944625407,1.0586319218241045,97.76291696520978,16.368078175895764,23.66,575.41998,8584,66221,1328188,52.48220643865714,46033,188.37324211326492,93.38717093918841,0.132218,0.817,13,201,64.67661691542288
Maryland,2011,1.3273199554705564,0,99.25627912906744,6.608055262181372,30.09,478.89999,7928,363121,5828289,45.73156672601968,70004,135.10203803947272,70.51829078763699,0.124123,0.798,0,463,0
Massachusetts,2011,2.454946923773212,1.8926406451435935,99.18517813175902,16.22459335655704,53.48,551.46997,9720,362557,6587536,17.190572897830258,62859,152.26792494339983,82.61427355562232,0.045962,0.814,138,1183,116.65257819103974
Michigan,2011,1.48997854789922,0.5654737862509088,99.0399231938555,5.286731112726751,20.83,495.59,7345,583393,9876187,40.97345700931763,45981,248.31874375167638,125.247282120795,0.16351,0.753,63,589,106.96095076400678
Missouri,2011,1.601715556496876,0.9663242613576194,98.2136821030188,11.212008895478132,5.9,541.34003,7265,381617,6010688,67.36467140439451,45247,220.8781921416101,114.7155615178479,0.193898,0.679,73,847,86.18654073199528
Montana,2011,2.4242424242424243,0.9523809523809524,96.113838728468,3.54978354978355,24.44,660.71002,7150,60449,998199,115.09126437402635,44222,196.96893547222743,96.87079022324409,0.24881,0.912,11,41,268.2926829268293
Nebraska,2011,2.2380860505498745,1.6592706926490448,99.3064071122011,4.051707505305807,39.85,513.33002,7580,130982,1842641,58.56386558098917,50296,181.33435423300855,90.74812145946923,0.176043,0.824,43,105,409.5238095238095
Nevada,2011,0.96347551896295,0.8466906075735015,97.81807796658576,3.8539020758518,3.45,732.98999,5973,185186,2723322,162.1537564976093,48927,220.93531936503274,118.84341919146725,0.275427,0.809,29,132,219.6969696969697
New Jersey,2011,1.1558089193186605,0.85216420322647,99.2842486069105,4.3587709245491855,26.91,511.92001,7970,535544,8821155,51.597832758552165,67458,146.63666584981274,78.2872532860212,0.16862,0.816,87,445,195.5056179775281
New Mexico,2011,3.654398329417907,2.7407987470634296,58.01468917998032,50.24797702949622,51.01,523.15002,6514,144400,2082224,91.85409075692694,41963,307.1127502634352,165.7678239515381,0.280847,0.769,42,770,54.54545454545454
North Carolina,2011,1.6174116437049508,1.20269070942163,99.55574272714512,3.8486102701492166,13.85,445.03,6705,626723,9656401,76.33658551943441,43916,255.9138626759304,132.4498160096825,0.224069,0.772,145,464,312.5
North Dakota,2011,1.032572984135924,0.18774054257016803,99.18070943115166,4.787383835539284,25.18,705.89001,8324,46266,683932,63.737545822754605,51704,146.4712553432784,78.78711783539457,0.134584,0.824,2,51,39.21568627450981
Ohio,2011,1.581074391766592,1.1230061100398223,97.67628147303547,19.593501340957953,15.22,452.69,7488,708443,11544951,58.4754904513566,45749,241.91787647498472,120.1566431532751,0.152451,0.701,152,2652,57.315233785822016
Oklahoma,2011,1.8176070807649756,1.0470997313102577,99.10132158590308,41.7061798640746,36.2,431.09,6937,264196,3791508,106.41904372342442,43225,234.37518666584126,127.54644492120416,0.261036,0.712,53,2111,25.106584557081952
Oregon,2011,1.8958861554626647,1.3476781105096052,96.50816744924278,11.99205098334818,13.61,567.57001,6987,238669,3871859,73.03448428040355,46816,236.45915194790263,119.36605953931347,0.217841,0.919,59,525,112.3809523809524
Pennsylvania,2011,1.2885003166653322,0.8298815598861461,96.37765554401818,11.785774082944478,14.99,520.56,8371,720974,12742886,54.17097287912003,50228,195.50731508329383,96.0816306849013,0.134811,0.729,114,1619,70.41383570105003
Rhode Island,2011,1.37350845566143,1.287664177182591,99.317929917299,7.811829341574384,48.28,554.89001,8665,55446,1051302,39.66627634660422,53636,218.70301275268696,105.5776970189046,0.135095,0.797,15,91,164.83516483516485
South Carolina,2011,1.2132931429979716,0.8151813304517621,96.1905977606769,5.061707330944663,17.56,515.65002,6638,302721,4679230,84.47709814761978,42367,277.91289298781714,142.92478580130617,0.232611,0.734,43,267,161.04868913857678
South Dakota,2011,1.0633077048912154,0,98.04330392943064,1.5540651071486995,30.16,617.04999,8154,58548,824082,59.98385682397959,48321,181.60462319818564,95.6811072769474,0.186171,0.777,0,19,0
Tennessee,2011,0.7539277202198551,0.6201663505034292,97.42216746434156,23.846004183082833,43.87,453.70999,6738,399788,6403353,57.08307483840006,41693,262.59097069886184,137.3998422819659,0.193085,0.749,51,1961,26.007139214686386
Texas,2011,1.0998164276992002,0.25878033592922356,98.86153772355512,2.593194616290761,20.74,507.60999,6259,1953347,25674681,131.93120625700217,49392,266.18538683678804,143.59998036075606,0.31561,0.784,96,962,99.7920997920998
Utah,2011,2.0131240200538123,1.6840556706219392,98.85380788365865,4.645670815508798,30.54,300.42999,5280,262298,2817222,110.777706388156,55869,158.6542937835573,104.33101174680517,0.189891,0.896,87,240,362.5
Vermont,2011,1.419950301739439,1.419950301739439,98.79011046817465,5.324813631522897,70.24,628.75,9209,30773,626431,24.036815579741877,52776,148.9203822694804,68.84710337274701,0.070075,0.9,8,30,266.6666666666667
Virginia,2011,1.3739569961489089,0.7722240051347882,98.6934832528308,23.22689345314506,36.93,467.10999,6790,508416,8096604,58.66860348464994,61882,153.16397072051012,82.19148108770439,0.16582,0.805,77,2316,33.24697754749568
Washington,2011,1.5731832758516369,0,95.03082018492113,4.6832455981121806,39.53,490.10001,7022,439347,6830038,61.595040866720446,56835,183.08161787524568,94.49769420966896,0.19431,0.918,0,387,0
West Virginia,2011,0.3360053760860174,0.2880046080737292,100,39.93663898622378,71.4,404.38,8210,104148,1855364,44.10566257117794,38482,258.3992931366532,136.72199560912415,0.237841,0.593,6,832,7.211538461538462
Wisconsin,2011,1.5260485918046658,0.997219871872356,99.07636113231838,7.539586607034932,9.29,659.46997,7825,349200,5711767,44.020769191811155,50395,182.43975896650608,88.38650185552663,0.11014,0.835,66,499,132.26452905811624
Wyoming,2011,2.4213075060532687,1.967312348668281,99.29376408715252,4.8426150121065374,60.06,587.65002,7482,39022,568158,86.46745025781239,56322,156.21177572069283,79.31677628349858,0.188828,0.876,13,32,406.25
Alaska,2012,2.074297567414671,1.0371487837073354,95.8431230797036,4.808598906279465,81.02,617.59998,9930,53934,731449,138.7540626069107,67712,139.05722448272877,75.37259615384616,0.2339,0.877,11,51,215.68627450980392
Arizona,2012,1.824414618557899,0.7088489919237697,98.82405631667795,4.706292487362734,7.59,534.26001,6207,437772,6553255,132.28925793567376,47826,269.6743082110498,136.24384645992438,0.220677,0.753,61,405,150.6172839506173
Arkansas,2012,1.1226179450478515,0.3648508321405518,95.41036283304324,2.5539558249838623,50.92,402.20001,6773,191656,2949131,59.41582194706283,40112,285.21196187972396,146.2402501446742,0.246987,0.647,13,91,142.85714285714286
California,2012,1.9521445702493168,1.4832167210994809,95.89333893275544,4.059221249248579,66.04,512.44,7038,2536810,38041430,79.15573804617082,58328,238.06313356817026,129.44649104386122,0.228928,0.883,718,1965,365.3944020356234
Connecticut,2012,1.3547932585487454,0.9483552809841218,98.85094415427884,9.727415596379991,24.56,514.84003,9229,193070,3590347,37.79623022763869,67276,148.49511965136728,78.59755820512451,0.113901,0.898,35,359,97.49303621169916
Florida,2012,1.090174379448517,0.8091516505240105,97.319331931307,3.633914598161723,19.78,602.75,7609,1070345,19317568,109.28348094768842,45040,253.88822926497602,126.30729877765798,0.277368,0.816,167,750,222.66666666666669
Georgia,2012,1.8178209962294103,1.1351458622742607,97.29602397355497,3.6594562413177214,17.01,440.95999,5981,671105,9919945,88.26115166716757,47209,272.360830683512,150.36825302361456,0.255662,0.737,143,461,310.19522776572666
Hawaii,2012,2.90869916509561,1.9391327767304067,98.28471597225898,8.618367896579585,154.99,557.97998,6738,89013,1392313,34.58099912415514,66259,171.13833902313556,85.76003105138034,0.075508,0.85,36,160,225
Idaho,2012,3.045588655182259,2.9504140097078135,99.32879561353754,22.984676882078613,90.17,485.98999,6283,113736,1595728,84.98888957034954,45489,206.56120424809689,117.16448062122451,0.226495,0.917,62,483,128.36438923395445
Indiana,2012,1.7641619622347673,1.0098306404516255,96.57943903270156,23.250437998832,17.43,460.01001,7618,424157,6537334,84.46893123969132,46974,223.6959326615876,112.97425268721955,0.204033,0.724,83,1911,43.432757718472004
Iowa,2012,1.2655891581195453,0.9491918685896592,98.68085549253264,5.167822395654811,17.46,536.59003,7547,195997,3074186,39.82638074364231,50957,158.51534348769522,88.28055184601327,0.1226,0.834,36,196,183.67346938775512
Kansas,2012,2.2882169131215706,1.6485003567650025,98.70555663493296,6.3971655635656814,14.37,435.62,7385,201418,2885905,66.47710777770214,50241,190.31897452235586,93.2765470570196,0.190447,0.844,67,260,257.6923076923077
Kentucky,2012,1.0913333082452117,0.7150114778158281,99.56909472422062,38.32837842923268,43.76,414.53,7249,276673,4380415,55.46905295730621,41724,265.0664024901185,148.2751577661073,0.192768,0.661,38,2037,18.65488463426608
Louisiana,2012,1.0739565535757871,0.6996989667236189,98.93426920166782,37.88137661703686,15.38,576.21002,7271,309280,4601893,52.86340852691048,42944,281.39004702948284,155.25660968374967,0.245982,0.595,43,2328,18.470790378006875
Maine,2012,1.8653690186536904,1.05433901054339,97.93486894360603,12.246553122465532,22.35,585.78003,8753,66190,1329192,46.10256313678224,46709,208.6646082593593,98.05159244847961,0.121759,0.816,13,151,86.09271523178808
Maryland,2012,1.122334455667789,0.7050562606118163,99.43769584066618,6.316728538950762,29.82,481.01001,8110,364625,5884563,38.36426026643442,71122,138.17363269293045,72.87109642735122,0.131465,0.822,49,439,111.61731207289294
Massachusetts,2012,2.76464571065218,1.9767216831163088,99.13122122341592,13.684996267728293,54.33,556.28003,9952,363859,6646144,14.45379449659936,65339,154.1110421212947,84.94702811428343,0.04255,0.863,143,990,144.44444444444443
Michigan,2012,1.4673115591543937,0.2898393203267939,98.97800010757894,4.6102566889480645,17.41,499.81,7579,571645,9883360,39.778307006627735,46859,248.71424653882215,125.94960469054367,0.154826,0.76,32,509,62.868369351669934
Missouri,2012,1.340464605032104,0.8847066393211888,97.89900527545208,12.62717657940242,6.08,535.72998,7538,374591,6021988,70.0398807150808,45321,226.10190689145497,117.26559765783851,0.195651,0.737,66,942,70.06369426751593
Montana,2012,1.2044046799724708,0.6022023399862354,96.29690994946566,2.494838265657261,19.45,682.44,7461,58839,1005141,111.32400843073385,45076,202.96466809918738,102.24147891392259,0.256294,0.862,7,29,241.3793103448276
Nebraska,2012,1.3777794787400972,1.1481495656167475,99.4140699311342,1.951854261548471,39.18,520.25,7824,132001,1855525,60.27630070083177,50723,178.55935891007647,91.25428814659351,0.167802,0.835,30,51,588.2352941176471
Nevada,2012,1.2358703843255463,1.0248681235870385,95.83718511670904,3.8583270535041447,3.28,717.70001,6056,182912,2758931,166.0137969286234,49760,239.5442441308806,125.69276603982895,0.280957,0.801,34,128,265.625
New Jersey,2012,1.2799269747090398,0.912816137001796,99.3572491842388,4.50454919781321,25.86,518.20001,8337,526587,8864590,50.79465454635279,69667,154.46748039941085,82.46090461295273,0.166846,0.82,92,454,202.6431718061674
New Mexico,2012,2.6426150399264663,2.125581662549549,66.56342013689725,7.295915436318722,46.58,522.60999,6679,143036,2085538,80.40307291676774,42558,293.27161838807,167.61763069356888,0.258115,0.804,37,127,291.33858267716533
North Carolina,2012,1.5804884541159248,1.3392560058561258,99.0777599208802,3.2441605110800555,14.16,451.07999,6968,611752,9752073,75.8087505654066,45150,260.00070977358223,134.2278024293856,0.228919,0.787,161,390,412.8205128205128
North Dakota,2012,2.107481559536354,2.107481559536354,98.8112798264642,7.37618545837724,48.62,759.69,8457,45120,699628,68.63146937314986,53585,131.52364853667427,70.37290455011974,0.158079,0.793,24,84,285.7142857142857
Ohio,2012,1.5467174009338398,0.9367443414106352,98.6270662044862,18.49525455482859,14.4,455.60999,7854,690055,11544225,52.94764181126962,46829,237.6722002977979,119.82273096736635,0.151806,0.719,129,2547,50.647820965842165
Oklahoma,2012,1.4506959419721623,1.117427955302882,99.044697293309,30.42540678298373,38.96,434.01001,7212,262161,3814820,100.79957886492542,44312,241.15800412407032,130.65751927503507,0.260979,0.759,57,1552,36.72680412371134
Oregon,2012,1.868136875199344,1.2758007928190642,96.33059737523593,13.031393812366154,13.37,582.66998,7159,232113,3899353,63.53463294589962,49161,230.32813787599378,121.46644391289388,0.202253,0.935,56,572,97.9020979020979
Pennsylvania,2012,1.5179762281975138,1.1937482959611516,95.55283299183937,12.762790423485892,14.26,523.27002,8577,718316,12763536,50.88046857750068,51230,197.402884521579,95.14382642081466,0.127376,0.711,162,1732,93.53348729792148
Rhode Island,2012,1.0362694300518134,0.9499136442141624,99.38208032955716,6.217616580310881,47.03,560.07001,8859,56147,1050292,45.18287758163147,54554,194.5378936547986,92.1066432547714,0.136519,0.741,11,72,152.7777777777778
South Carolina,2012,1.6174148002968431,0.7611363766102791,96.85046625631198,6.032005784636462,19.25,517.08002,6785,294537,4723723,82.66436120969702,43107,269.191286356367,140.9968597414872,0.228889,0.668,40,317,126.18296529968454
South Dakota,2012,2.1629416005767843,0,98.12136456531992,2.9640310822718896,28.48,616.28998,8452,58683,833354,58.29101673127029,48362,174.93972521716466,86.01718698589042,0.153329,0.821,0,37,0
Tennessee,2012,1.0028174394728044,0.8714961081132706,97.85514018691588,25.906117186380783,42.61,444.41,7011,400023,6456243,56.72206456773331,42764,258.2940373360208,136.88663643313342,0.178862,0.726,73,2170,33.6405529953917
Texas,2012,1.0918997996416873,0.1855169562498012,98.77772629341376,2.695296350086398,18.36,509.37,6475,1932848,26059203,123.8245993403786,50740,257.5718630200815,140.30415782805315,0.310365,0.833,70,1017,68.8298918387414
Utah,2012,1.927525057825752,1.349267540478026,98.92079472219044,4.664610639938319,27.4,303.89999,5474,257929,2855287,101.459029967919,57049,151.15247820626814,96.08931675919246,0.187917,0.879,70,242,289.25619834710744
Vermont,2012,0.528169014084507,0.35211267605633806,99.876912256022507,3.5211267605633805,41.67,645.06,9679,31011,626011,28.252794121217516,52977,154.73684210526315,73.701811310434,0.070019,0.815,2,20,100
Virginia,2012,1.6137600609419949,1.1025689857367666,98.36917403693516,4.851303537241773,36.55,467.73999,7045,507071,8185867,56.12672766889237,61741,152.5226761399867,85.61343988667703,0.16493,0.828,110,484,227.27272727272725
Washington,2012,1.8546619457089863,0,95.04916494007486,5.0340824240672495,41.91,491.09,7333,440973,6897012,57.51407398987747,57573,185.17064280554922,92.67229376236087,0.190538,0.936,0,418,0
West Virginia,2012,0.43770859550254415,0.21885429775127208,85.67076028874098,14.280242928270503,86.55,410.09,8712,105263,1855413,39.22659146691733,40196,245.9431560480938,129.20328458484613,0.217121,0.623,4,261,15.32567049808429
Wisconsin,2012,1.676420385271885,0.8229700073152889,99.1208193601015,6.44659839063643,13.1,666.54999,7906,351235,5726398,46.801583850081656,51059,182.39033176456917,89.26273268594863,0.115797,0.799,54,423,127.6595744680851
Wyoming,2012,2.7243832299076733,2.270319358256395,96.3400408282298,4.54063871651279,58.73,603.72998,7749,38016,576412,93.40199218405665,54901,169.10586234659402,84.67068724658421,0.231068,0.863,15,30,500
Alaska,2013,1.8233202662047587,1.0939921597228557,97.26015250931016,5.105296745373325,105.47,598.14001,10085,54705,735132,116.25196263671927,72237,121.17880873600814,59.32382685228282,0.231381,0.908,12,56,214.28571428571428
Arizona,2013,1.4143940899367613,0.4441898794842722,98.90286480612268,4.30162830658453,7.63,517.78998,6289,430081,6626624,118.84685823719171,48510,264.90907786980637,135.79510401892756,0.226177,0.85,38,368,103.26086956521739
Arkansas,2013,0.8592541673827118,0.315059861373661,98.82532763452122,1.46073208455061,49.77,402.07999,6819,190202,2959373,55.36259474704742,40511,290.2919609648104,144.8402660546062,0.247254,0.684,11,51,215.68627450980392
California,2013,1.8960726890440789,1.5748458528363911,96.73931686882403,3.927728133630364,63.76,508.39999,7241,2500565,38332521,73.51073465637252,60190,234.94161044487655,126.41461860265535,0.221218,0.902,755,1883,400.9559214020181
Connecticut,2013,2.491376006132618,1.806932048403877,99.04013015184384,11.197503148442204,27.49,511.73001,9440,190746,3596080,42.91859176519048,67098,145.42445083476213,75.95813962369692,0.114892,0.852,66,409,161.36919315403424
Florida,2013,1.0687344841798545,0.7763900737091316,97.14692763960409,4.821286507107324,18.38,603.53998,7603,1074049,19552860,110.70976793823627,46036,244.99181265845195,123.99457200736298,0.277511,0.811,162,1006,161.0337972166998
Georgia,2013,1.6193414138469884,1.0363785048620726,97.77543798538598,6.193980907964731,18.08,438.29999,6229,657016,9992167,95.71509389126763,47829,265.0010951636109,145.0546342104349,0.257081,0.692,128,765,167.3202614379085
Hawaii,2013,3.259243428082923,1.816627484505236,98.86951928156364,7.800812139346013,144.99,562.46002,6880,90706,1404054,30.42222859526541,68020,133.26364953459603,71.02759292166206,0.090849,0.906,34,146,232.8767123287671
Idaho,2013,2.8855721393034828,1.691542288557214,99.0928810885427,22.7363184079602,89.75,485.42001,6377,111239,1612136,89.25267873073709,46783,191.33585993938044,103.93819456129698,0.226636,0.929,34,457,74.39824945295405
Indiana,2013,1.9050428327372393,1.130735100721458,96.81230813164846,21.79123188672984,17.43,460.01999,7647,424064,6570902,82.07245512195276,47529,222.12995132602933,118.93326278064568,0.195976,0.761,92,1773,51.889452904681335
Iowa,2013,1.7246785826277828,1.4633636458659978,98.69245647969052,5.984112051844884,15.86,521.90002,7638,193077,3090416,41.25396526098627,52229,161.77319396520852,80.75222771934202,0.120154,0.805,56,229,244.54148471615719
Kansas,2013,2.091089916866425,1.2240526342632734,98.59452392326452,11.067475901463764,14.07,419.06,7240,199304,2893957,61.38254693754921,50972,186.61253034249867,96.4347277581716,0.185471,0.838,48,434,110.59907834101384
Kentucky,2013,1.0519592741481008,0.5447646241124093,99.58656814142736,34.50802118946538,43.19,409.76001,7499,271837,4395295,58.81713630794767,43399,252.54340523817854,144.81096809746614,0.215509,0.669,29,1837,15.786608600979857
Louisiana,2013,0.9196218256913298,0.4517440547255655,98.50295594685652,35.63937917459908,16.08,573.07001,7462,304998,4625470,56.987678412784426,44164,277.36206833679756,153.2754815009602,0.245885,0.609,28,2209,12.675418741511997
Maine,2013,1.543460601137287,0.48740861088545895,97.75271976494878,13.728675873273762,20.35,595.53998,8813,64177,1328302,59.216324708363636,46974,176.95324898218283,95.91298518350074,0.156401,0.866,6,169,35.50295857988166
Maryland,2013,1.2985497096501213,0.9046076629023316,98.8804570505237,7.65998424231813,24.43,474.39999,8217,366712,5928814,44.13982985858279,72483,135.97285835453772,70.59099762016241,0.128168,0.848,62,525,118.0952380952381
Massachusetts,2013,2.193564612353821,1.6766098947927293,99.13020595282612,14.740195325052742,55.27,553.76001,10085,363925,6692824,15.173863435948935,66768,163.0888508760151,85.51198727543525,0.041822,0.874,120,1055,113.74407582938387
Michigan,2013,1.405962723962652,1.360899816143336,99.026301462779,4.956919860124734,18.89,489.88,7693,570303,9895622,40.15217836761826,48273,238.20087167845398,122.82385840861835,0.151447,0.808,151,550,274.54545454545456
Missouri,2013,1.2150019359920958,1.0147268915977945,98.16120576671037,11.215402486080883,5.86,539.09003,7592,374233,6044171,69.946105946702545,46931,222.39037964096198,115.42625657793229,0.184966,0.854,76,840,90.47619047619047
Montana,2013,0.8389261744966443,0.6711409395973154,96.66693698807882,2.936241610738255,19.45,681.45001,7703,61143,1015165,100.85499208672768,46972,213.38500113973103,112.78803237911524,0.222312,0.864,8,35,228.57142857142856
Nebraska,2013,1.8662400975015232,1.4092017062766606,99.39054396789946,2.5898842169408893,39.3,520.08002,7928,128830,1868516,54.85726390236838,51440,176.8457935728319,87.56421052631579,0.156812,0.808,37,68,544.1176470588235
Nevada,2013,1.2034418436729044,1.0229255671219688,95.4566341183228,6.047295264456345,7.85,725.38,6259,177287,2790136,149.00839059926153,51230,226.60024455692084,115.66287656781152,0.273473,0.826,34,201,169.1542288557214
New Jersey,2013,1.373020645419924,0.9921828021647624,99.40128111893684,4.279414712367208,24.96,511.44,8534,531181,8899339,55.56640392682405,70165,166.97904541329163,86.79955851729956,0.182803,0.82,99,427,231.85011709601875
New Mexico,2013,1.5351550506601166,1.5351550506601166,90.171650055371,8.377560419316636,46.91,517.89001,6697,138396,2085287,85.02794155648179,43872,311.5748846092631,163.23434942080942,0.278744,0.855,35,191,183.2460732984293
North Carolina,2013,1.993316526939087,1.5494267121165168,99.0443878524442,3.743749947654502,12.51,450.35001,6913,607482,9848060,63.22775787759877,45906,252.0033517573128,130.6746963999544,0.223057,0.753,185,447,413.87024608501116
North Dakota,2013,1.5233581584292486,0.8463100880162492,98.58990404672508,7.870683818551117,65.75,749.87,8712,47475,723393,79.3180826528704,55759,120.14868951612902,69.78963781747154,0.135914,0.823,10,93,107.52688172043011
Ohio,2013,1.623162007726545,1.006213552301071,97.42962231477108,19.889243063002187,14.35,457.35001,8030,691663,11570808,53.448228928162024,48081,227.36222705232467,116.18168409155902,0.144926,0.777,137,2708,50.59084194977844
Oklahoma,2013,1.356247457036018,0.9106232925813263,98.97217588064969,36.61868133997249,38.05,431.06,7316,262687,3850568,100.45310754407679,45690,239.83557620885776,124.98366469179324,0.254936,0.747,47,1890,24.867724867724867
Oregon,2013,2.2898340437108913,1.4509839484900695,97.04303440992696,19.70164142559173,16.08,582.58002,7378,228403,3930065,58.45787809973446,50251,216.20697393590305,113.05486804474005,0.203777,0.925,64,869,73.64787111622555
Pennsylvania,2013,1.497701802406652,1.165698939804192,96.77490753830556,12.291483757682178,14.75,521.07001,8802,714568,12773801,54.37856679032339,52007,193.70222994445393,93.06669492176026,0.132789,0.733,158,1666,94.83793517406963
Rhode Island,2013,1.2251684606633413,0.8751203290452437,99.31340170345906,7.4385227968845715,50.45,554.44,9016,54201,1051511,54.436755637151066,55902,215.25155725922377,106.57923598203668,0.15049,0.818,10,85,117.6470588235294
South Carolina,2013,1.6655818049546272,0.7657847379101734,96.7780186389491,6.624037982923,19.44,514.84998,6918,293643,4774839,67.42855656725997,44163,274.6258656400537,140.9634642675449,0.226252,0.714,40,346,115.60693641618496
South Dakota,2013,2.288329519450801,0,98.04270462633453,3.4719482364081116,29.02,628.26001,8674,58617,844877,63.31056044465031,48947,185.90731974049132,91.8078171325957,0.190831,0.836,0,44,0
Tennessee,2013,0.7921077266508245,0.564076714433163,98.0581838723344,27.423729627229303,43.01,442.84,7128,397208,6495978,57.25596714228364,44297,265.33938846115336,132.9551026463885,0.180303,0.711,47,2285,20.568927789934357
Texas,2013,0.6857651385271754,0.11778408867833164,98.84814505300034,4.030833256991794,19.31,503.01001,6510,1926498,26448193,126.38107142887631,51704,250.34029573223705,136.0392702808459,0.303973,0.819,45,1540,29.22077922077922
Utah,2013,2.35922632974575,1.6768054905630947,98.8360440915748,5.907814693495554,33.5,301.45001,5554,253409,2900872,94.98984541533092,59770,147.5828210856217,93.27183714928573,0.17238,0.944,86,303,283.8283828382838
Vermont,2013,1.6131923283742606,1.6131923283742606,98.673505482844,3.4056282487901055,35.64,662.45001,10247,30306,626630,31.353988304849292,52578,153.09723643807575,78.36057794052574,0.069874,0.845,9,19,473.6842105263158
Virginia,2013,1.4120304998587971,0.5748981320853673,99.2691083121408,6.223020131520555,35.59,461.70999,7192,509604,8260405,54.38754056867588,62666,156.94153044395208,83.96610553273888,0.166455,0.82,57,617,92.38249594813615
Washington,2013,1.8899240395914856,0.7995832475194747,95.5104543929278,6.081678640223884,30.08,488.48001,7356,442110,6971406,59.45112677743472,58405,188.34560165858565,95.3104546798099,0.19796,0.874,66,502,131.47410358565736
West Virginia,2013,0.2684275514038761,0.16105653084232566,100,37.15037311429646,71.78,408.82999,8891,102836,1854304,53.27215103527165,41253,269.96574408754833,135.3034800548198,0.219608,0.646,3,692,4.335260115606936
Wisconsin,2013,1.686806109305036,0.9354106606146108,99.0988526707697,6.992578053119058,13.1,661.17999,7984,341440,5742713,46.971867309533174,51467,184.41096039827661,91.8091549981419,0.108682,0.803,61,456,133.7719298245614
Wyoming,2013,1.4699397324709689,1.028957812729678,97.9271628040881,3.233867411436131,54.35,587.97998,7845,38379,582658,56.95988972726163,58752,131.8959452893269,83.50386386278576,0.185236,0.897,7,22,318.1818181818182
Alaska,2014,1.7495395948434622,0.6445672191528544,96.4818763326226,6.445672191528545,105.58,608.06,10535,53408,736732,114.10776128218207,71583,158.08940371949282,78.77465684937734,0.204373,0.893,7,70,100
Arizona,2014,1.8986904789302892,0.8515339117626751,98.95242649905492,5.557984856505029,8.4,522.46997,6561,432663,6731484,99.87436565764271,50068,256.125540119288,132.3225793789226,0.178167,0.83,74,483,153.20910973084887
Arkansas,2014,1.3420612965955463,1.2872832844896058,98.97530429125212,2.5745665689792117,47.94,397.42001,7284,190396,2966369,48.420669753669664,41262,264.2332807731946,138.44235401721855,0.171442,0.644,47,94,500
California,2014,2.0540027249081376,1.7670616407249908,99.5194747297944,4.114198422856199,64.82,507.78,7472,2511692,38802500,54.41519023313618,61933,227.10609260651864,121.82285008580746,0.162012,0.889,856,1993,429.5032614149523
Connecticut,2014,1.955531743905706,1.2054647736405038,99.12110671516952,10.152692204661127,31.06,509.67001,9831,188862,3596677,37.29872962103095,70048,148.75591952068234,75.45564280264139,0.082675,0.849,45,379,118.73350923482849
Florida,2014,1.0709163647342994,0.8161609299516909,96.8792848132507,4.91111865942029,19.25,571.47998,7965,1077572,19893297,93.41892910544591,47463,237.93050767990755,120.11754350940073,0.229089,0.761,173,1041,166.18635926993275
Georgia,2014,1.5741553746727102,1.21028026293932,98.09196436885068,6.858254823322813,18.48,436.07999,6622,654439,10097343,75.97115559669116,49321,262.9808774865111,141.22367696563455,0.218893,0.799,153,867,176.47058823529412
Hawaii,2014,3.329876084939134,2.5110540968393473,98.65898319689788,9.116218134177627,156.01,569.56,7224,91007,1419561,31.0111746716101,69592,147.48190676289795,78.0930189622188,0.062826,0.873,46,167,275.4491017964072
Idaho,2014,1.905539676058255,1.3610997686130393,99.01617250673854,14.88135747016923,89.25,477.20001,6615,111707,1634464,78.430416428661,47861,188.44931119745672,102.16712188250769,0.202033,0.932,30,328,91.46341463414635
Indiana,2014,2.0002909514111145,1.0910677916787896,97.15100050643646,21.712249054407916,13.08,451.23001,7998,418024,6596855,71.83264219059338,49446,215.4598108647724,108.93766258373194,0.173589,0.843,90,1791,50.25125628140704
Iowa,2014,1.7210819697397828,1.1816383672840298,98.64183453693146,8.271468570988208,18.85,528.75,7967,193571,3107126,32.11995283064515,53712,153.2422972834141,79.07310975320686,0.078601,0.827,46,322,142.85714285714286
Kansas,2014,1.767275114241713,1.3633265167007498,98.64272550679884,12.724380822540333,12.5,428.57001,7368,199348,2904021,54.6685568754959,52504,177.22378504219614,91.7620319461105,0.155575,0.771,54,504,107.14285714285714
Kentucky,2014,1.569712032590212,1.0464746883934746,99.42588532570323,31.41292769981126,32.32,414.95001,7965,274632,4413457,42.75201402883771,42958,262.0227371309251,144.67990887313198,0.122534,0.749,56,1681,33.31350386674598
Louisiana,2014,0.9290702889728968,0.5766643172935222,97.9662293641328,38.332158646761066,15.46,572.12,7855,305454,4649676,51.707773917013746,44555,278.77541953152314,148.75896388740844,0.207966,0.651,36,2393,15.043877977434184
Maine,2014,2.036825810656673,1.0591494215414698,97.95690343176376,13.361577317907772,20.68,597.65997,9115,62917,1330089,63.29694238315396,49462,191.16470021383432,96.75406648577274,0.132291,0.881,13,164,79.26829268292683
Maryland,2014,1.2090350477924443,0.9103322712790168,99.07413931596228,7.66670459717797,36.36,468.32999,8574,367283,5976407,31.55729840779927,73971,130.16084502218604,70.61132580713873,0.099436,0.851,64,539,118.73840445269016
Massachusetts,2014,2.462677222322708,2.087014595188736,99.16389574911354,15.750003478357655,56.3,550.48999,10394,365967,6745408,15.360408476875417,69160,151.5573686745581,82.92162890286177,0.036258,0.892,150,1132,132.5088339222615
Michigan,2014,1.5477798752829397,0.7067896540309376,99.09041746823996,4.795433602032691,21.46,508.92999,7967,568904,9909877,37.502815391406976,49847,225.95187119194216,114.4317124175958,0.111367,0.759,79,536,147.38805970149255
Missouri,2014,1.663583491928293,1.23770611799465,97.96607517699056,9.875031608086346,5.67,529.88,7828,372224,6063589,72.04872434437117,48363,211.18058569526485,106.91628402668051,0.164488,0.833,93,742,125.33692722371967
Montana,2014,2.247752247752248,1.4152514152514153,96.83972911963885,6.66000666000666,22.16,683.32001,7942,59775,1023579,82.2178878915961,46328,185.2152462073714,95.45099850304169,0.195269,0.819,17,80,212.5
Nebraska,2014,2.670920354638869,1.4838446414660384,99.406298399587,3.820899951775049,39.96,515.56,8175,130368,1881503,53.140873143445,52686,161.66764431119512,87.15910534084782,0.133121,0.885,40,103,388.34951456310677
Nevada,2014,1.707439135682534,1.471930289381495,95.671154171126,7.153581206394065,3.59,737.92999,6723,175735,2839099,96.3251586224408,51450,219.66308976115897,109.7887653880936,0.197393,0.823,50,243,205.76131687242798
New Jersey,2014,1.224514176489328,0.925852182223638,99.3639394209178,4.629260911118191,25.91,515.46002,9008,532168,8938175,45.7525847355883,71919,158.80763553702246,83.0984605261665,0.147069,0.839,93,465,200
New Mexico,2014,1.714662563200703,1.1431083754671356,91.23179976735793,4.4845020883710704,48.01,536.21002,7010,135416,2085572,72.9967113178792,44803,295.3910289489927,165.02087708260134,0.205216,0.832,26,102,254.9019607843137
North Carolina,2014,1.8496900741520197,1.381101922033508,99.15793764010596,3.584288321467914,11.73,457.17999,7194,601542,9943964,52.074965069216525,46556,242.73918045844763,128.12674555225263,0.189048,0.835,168,436,385.32110091743124
North Dakota,2014,1.8922967752109123,1.1038397855396986,98.8696601184908,8.042261294646377,63.59,755.96002,9005,49977,739482,69.03481646739358,59029,147.68213946941646,73.604898828541,0.111743,0.867,14,102,137.25490196078434
Ohio,2014,1.4931709387946304,0.936891569439768,97.19765795633212,20.867795816193585,14.59,452.82001,8401,689435,11594163,47.93460412596557,49308,229.2550103001084,116.21936957567976,0.103318,0.768,128,2851,44.896527534198526
Oklahoma,2014,1.5071442552358585,0.8416519866901546,99.04233870967742,40.712468193384225,43.69,426.89001,7658,263798,3878051,86.56879161961136,47529,223.80514952753919,121.66275571226963,0.223854,0.792,43,2080,20.673076923076923
Oregon,2014,2.3249055507120024,1.8330986072921556,97.3048812320543,20.991214539601636,15.96,591.42999,7899,226468,3970239,45.54162719173383,51075,216.2734094655471,109.82975420439844,0.130983,0.932,82,939,87.32694355697551
Pennsylvania,2014,1.4568552322955668,1.1217785288675863,97.08357495438666,16.090966040704537,15.18,522.79999,9142,711460,12787209,51.657325420690256,53234,193.68384264477652,94.31614032289562,0.117871,0.818,154,2209,69.71480307831598
Rhode Island,2014,2.565917536719165,1.7695983011856309,99.51571717883245,7.697752610157495,50.67,520.20001,9484,54856,1055173,33.48078635329367,54891,197.8752733149539,99.83862500729104,0.093103,0.806,20,87,229.88505747126436
South Carolina,2014,1.4379505420695136,0.6432936635574139,96.9548548052758,5.808563373886061,20.55,506.82001,7210,286928,4832482,55.49978302687229,45238,270.50837733783175,131.9722773331913,0.194337,0.719,34,307,110.74918566775244
South Dakota,2014,2.582765907490021,0.07826563356030368,98.60317950300971,4.382875479377006,31.12,612.27002,9103,60355,853175,56.835857356884524,50979,179.93641377572285,93.72499822472602,0.131327,0.833,1,56,17.857142857142858
Tennessee,2014,1.016212128373588,0.6853523656473035,97.06826940723067,28.312142553292052,43.97,446.67999,7418,398355,6549352,52.10254964353325,44361,261.89529643371253,137.26010995311816,0.159038,0.811,58,2396,24.207011686143574
Texas,2014,1.170261646134202,0.18023552467576645,98.72857780161505,5.145597303067304,22.3,497.81,6825,1946388,26956958,110.30928865003538,53035,245.79126062944542,134.12265799304373,0.266548,0.831,71,2027,35.027133695115936
Utah,2014,2.015269542301283,1.4339417897143745,98.91891891891892,7.092198581560283,29.48,301.87,5825,249809,2942902,93.94543566464334,60922,132.76563689259405,84.61087932667625,0.156759,0.884,74,366,202.18579234972677
Vermont,2014,1.2096077414895454,1.2096077414895454,98.99076291481354,4.320027648176948,39.35,674,10589,30881,626562,21.733403582718655,54166,158.04855926296074,86.54030132640402,0.054209,0.819,7,25,280
Virginia,2014,1.5542647630244395,0.657573553587263,99.23180353152868,27.428787773117197,35.16,463.29001,7449,507550,8326289,57.43541451935875,64902,158.1034962878845,83.29139992811416,0.144644,0.852,66,2753,23.97384671267708
Washington,2014,2.1598527051269945,1.1330374846567841,95.8158049486588,5.854027004060051,37.67,490.85999,7602,444206,7061530,46.799277214841204,61366,175.3152313220599,87.70221303241148,0.11919,0.921,96,496,193.54838709677418
West Virginia,2014,0.5650994575045208,0.4520795660036166,97.59002922847849,15.48372513562387,60.27,403.82999,9385,102552,1850326,29.922166263326577,41059,247.2107664011797,130.60065261203422,0.122227,0.654,8,274,29.197080291970803
Wisconsin,2014,1.8531457909286997,1.0632803718443358,99.11922793176652,5.529057933590545,13.03,656.46997,8371,339088,5757564,44.39155118848013,52622,184.48838820020637,89.80824119358466,0.094289,0.817,70,364,192.30769230769232
Wyoming,2014,2.327949949076095,2.182453077258839,98.31211557717064,4.364906154517678,54.39,599.77002,8269,37929,584153,59.26611117585363,57055,127.97377320318384,73.66874228353643,0.158511,0.883,15,30,500
Alaska,2015,1.7639959149568285,1.1141026831306284,96.3847874720358,8.26292823321883,126.5,616.96002,11460,54761,738432,105.77300623396461,73355,151.98183792751544,70.39072039072039,0.160328,0.931,12,89,134.8314606741573
Arizona,2015,2.223236330021882,0.9946057265887364,98.81026708289976,5.078339827523665,9,518.22998,6885,429860,6828065,82.89958027483137,51492,246.84253539769765,124.56159668271175,0.142246,0.827,85,434,195.85253456221199
Arkansas,2015,1.0263890014315429,0.8913378170326554,98.84925508623913,1.863706344704643,49,405.95999,7620,188704,2978204,49.10324129140075,41995,272.0657620662114,137.3050871050855,0.136492,0.738,33,69,478.26086956521743
California,2015,2.295915719549535,1.9741553791063369,99.52564041642822,4.579376200114173,56.2,498.60001,7998,2507649,39144818,33.21579512297901,64500,211.70454162107023,113.09740053821305,0.107848,0.872,951,2206,431.09700815956484
Connecticut,2015,2.788984863664672,1.6788064227884434,99.13031807811032,12.780590831550729,31,519.15997,10294,186528,3590886,32.94304790129161,71346,145.35943852817135,74.36075362821677,0.078705,0.863,62,472,131.35593220338984
Florida,2015,NA,0.8750034539610024,96.82039300317024,NA,20.2,575.51001,8330,1098273,20271272,69.33256722221937,49426,230.92571963426718,112.6244665940306,0.184576,0.826,190,NA,NA
Georgia,2015,1.7208889442618869,1.3081870707511174,97.15984747609248,7.1249474389123355,19,432.51999,7055,649360,10214860,66.51091850869072,51244,244.53493278018996,130.3770857702374,0.1909,0.84,168,915,183.60655737704917
Hawaii,2015,4.058129969838223,2.1935837674801206,99.16793561018056,11.242116808335618,158.3,574.48999,7747,92093,1431603,16.222125757648836,73486,141.94821788616824,68.58422811633365,0.048054,0.906,40,205,195.1219512195122
Idaho,2015,2.8619452141916137,1.7716803706900468,99.36803141786666,16.308544950710946,94.7,478.34,6843,111847,1654930,57.592751872657004,48275,178.18749808581666,109.27020809447805,0.155899,0.901,39,359,108.63509749303621
Indiana,2015,1.359087847589724,0.95015876070432,98.99980948752145,33.20744732031175,12.4,469.87,8368,419209,6619680,67.46484467698727,50532,208.61740194619878,101.8280646020218,0.130667,0.788,79,2761,28.6128214415067
Iowa,2015,1.7406885959298606,0.6399590426212722,98.92127320148894,9.52259055420453,38.9,526.52002,8358,195084,3123899,35.23217640864699,54736,147.62222473994066,76.66425284168278,0.066451,0.815,25,372,67.20430107526882
Kansas,2015,1.4310461700685395,1.230197584795762,98.96884162401231,16.570008285004143,12.4,425.53,7634,197066,2911641,50.8140540811189,53906,171.99277323566423,84.34473764532866,0.135049,0.836,49,660,74.24242424242425
Kentucky,2015,1.6893794346210158,1.4078161955175132,99.4827360833598,23.163269136914817,33.5,435.20999,8306,273366,4425092,42.45938501488315,45215,259.14551777801836,139.92537807939115,0.072401,0.739,75,1234,60.777957860615885
Louisiana,2015,1.3153773880363293,1.017851550266207,98.69407310099685,37.50391481365487,19.9,571.92999,8201,304845,4670724,35.81572436165422,45727,283.729319815414,146.9186874090057,0.172773,0.67,65,2395,27.13987473903967
Maine,2015,2.5634664682047466,1.075002067311668,97.74490785645004,11.16348300669809,21.7,613.73999,9591,63852,1329328,56.58803300968592,51494,174.14450502428775,89.07752693000823,0.113468,0.853,13,135,96.29629629629629
Maryland,2015,1.5060889022763455,1.17618371415867,99.1255758403003,10.399185277622388,39.8,466.35001,9001,366627,6006401,38.82690984835316,75847,132.06719043877098,67.09952097792264,0.082499,0.91,82,725,113.10344827586206
Massachusetts,2015,2.550555656768082,2.1581624788037614,99.11795755083898,15.793825413063889,49.8,545.34998,11010,365383,6794422,11.47823146357748,70628,148.1369590056369,79.46924638838134,0.032049,0.874,154,1127,136.64596273291926
Michigan,2015,1.4812540079662564,0.7767551505188905,99.12085157432028,5.473414200167996,24.2,490.98001,8372,570655,9922576,30.88127023470328,51084,224.40879790369522,111.13615870153292,0.075699,0.777,86,606,141.9141914191419
Missouri,2015,1.620897521768252,1.2056262558606832,98.0096105874012,9.377093101138648,5.9,555.59003,8261,374370,6083672,57.43114215176902,50238,202.29463548063785,102.0733904254528,0.133896,0.823,90,700,128.57142857142856
Montana,2015,1.8778576094056172,1.4696276943174396,97.74940143655228,4.57217504898759,22.2,685.04999,8344,60420,1032949,76.02733946502404,49509,193.92822704410773,92.66656394087735,0.152612,0.839,18,56,321.42857142857144
Nebraska,2015,2.187696985427713,1.4090251770551374,99.43954868920764,4.449553190700434,43.3,510.59,8579,130664,1896190,52.70190498313241,54996,168.45119575686638,85.34324399687524,0.114926,0.822,38,120,316.66666666666663
Nevada,2015,1.498170503327667,1.3253046760206286,96.56141327027404,6.712956293756662,4.1,729.69,6987,176933,2890845,75.56897672565391,52431,208.78823532988565,109.3690045574842,0.169211,0.835,46,233,197.42489270386267
New Jersey,2015,1.1494023107983848,0.8495582297205454,99.21659625949503,3.967936672930077,26.9,512.17999,9483,529254,8958013,37.413468126277095,72222,156.19577907862947,80.75757314747905,0.11471,0.828,85,397,214.1057934508816
New Mexico,2015,2.5413507925568575,1.4645072363886975,95.72424030016904,9.131633356305995,47.6,463.09,7418,134230,2085109,44.978582105273716,45382,285.81704855848335,148.47838089508943,0.146909,0.877,34,212,160.37735849056602
North Carolina,2015,1.6590149393473994,1.2894324033541669,99.16277781849872,3.942213717261147,14.3,464.01001,7594,598858,10042802,43.50307554365704,47830,234.9454750477867,117.8594015278019,0.157614,0.849,157,480,327.0833333333333
North Dakota,2015,1.1847405418213413,0.7108443250928046,99.47360150848525,6.63454703419951,97.8,719.38,9357,52172,756928,78.54076751231037,60557,120.5093817871088,69.11960044630997,0.097497,0.817,9,84,107.14285714285714
Ohio,2015,1.475120127356906,0.7448626385663585,97.69144063806412,17.781769852049834,13.8,452.82999,8754,689288,11613423,43.77275369645851,51075,212.73354897796892,107.29938622803161,0.077293,0.819,102,2435,41.889117043121146
Oklahoma,2015,1.7346898998167857,1.559271820060032,99.26095031728836,1.8906170818227888,39.3,423.04999,7902,262951,3911338,74.19309737504929,48568,221.8357362804862,117.48804646922198,0.206604,0.759,80,97,824.742268041237
Oregon,2015,2.718299503130501,2.1835520598917135,97.63318758293632,24.88803725407188,26.6,593.66998,8438,229139,4028977,36.15046636754604,54148,202.5116528541186,98.87407552770044,0.094999,0.894,98,1117,87.73500447627573
Pennsylvania,2015,1.2519816869897618,0.6815521609648408,96.3181253835286,4.719007897115256,14.4,520.17999,9562,714892,12802503,41.47165460595895,55702,193.8231264233135,90.52786962498772,0.077645,0.838,92,637,144.4270015698587
Rhode Island,2015,2.8877005347593583,2.6737967914438503,80.93135981996018,14.97326203208556,53.2,545.17999,9914,54393,1056298,34.342966078042735,58073,193.84990323274317,100.89426281257242,0.055694,0.814,25,140,178.57142857142858
South Carolina,2015,1.985576472791983,1.273766039149574,97.49438427963548,6.40629390278168,20.8,502.07001,7446,287488,4896146,40.6586742032768,47238,240.06173522074934,121.3054464589212,0.149739,0.764,68,342,198.83040935672514
South Dakota,2015,2.3485204321277595,0.07828401440425865,98.49641452694888,4.853608893064036,35.6,622.46997,9627,59597,858469,67.29312494007097,53017,181.38653784344473,83.19317275923562,0.152258,0.833,1,62,16.129032258064516
Tennessee,2015,1.6009837929394295,0.9165052147986588,98.50410257582335,31.81085188579649,45.6,455.39001,7806,399237,6600299,41.6540069445702,47275,241.63537159496013,123.25279677837867,0.133401,0.757,79,2742,28.811086797957696
Texas,2015,1.2353288968840024,0.2088234184142,98.66058020011866,5.691067137986993,28,509.38,7217,1966708,27469114,94.76756471686767,55653,229.84455071175938,122.40471382133994,0.237665,0.85,83,2262,36.693191865605655
Utah,2015,1.9111137112658203,1.4430858636088848,99.08219654519458,7.585951364106164,31.6,307.41,6112,249969,2995919,71.6991922224605,62912,128.78019968624858,82.598917165935,0.138768,0.897,74,389,190.23136246786632
Vermont,2015,1.5817223198594024,1.40597539543058,99.47552447552448,4.569420035149385,45,676.44,11010,30172,626042,10.439963948325934,56990,132.53879173699588,58.48574934866353,0.044544,0.893,8,26,307.69230769230774
Virginia,2015,1.665868645758519,1.007501396536589,99.13079592987036,7.850530683903917,36.5,466.70999,7750,510917,8382993,48.57071852913514,66262,148.09834899835252,77.88619840699377,0.123849,0.817,101,787,128.3354510800508
Washington,2015,1.897133220910624,1.1710698894510023,96.02159001461824,6.159827618512273,38.2,493.10999,7904,444671,7170351,26.400101331088155,64129,155.35287355088224,79.00633479742338,0.081964,0.924,100,526,190.11406844106463
West Virginia,2015,0.7830853563038371,0.4474773464593355,87.5685736677116,2.684864078756013,220.8,404.01001,9947,101954,1844128,28.496601443989892,42019,251.704964447387,134.59985973001207,0.070223,0.686,8,48,166.66666666666666
Wisconsin,2015,2.158842130868402,1.3530771101921673,99.13489073097212,6.218073461444904,15.1,656.65002,8654,336843,5771337,35.82593869880265,55638,163.59089579181548,78.84444492830343,0.072379,0.822,89,409,217.6039119804401
Wyoming,2015,2.706167212647771,1.9940179461615153,98.77602701181767,5.982053838484546,56.6,602.38,8652,38150,586107,78.12713651378523,60214,132.2763273901037,66.52230700488074,0.129587,0.9,14,42,333.3333333333333
Alaska,2016,1.7758669034489205,1.1216001495466863,96.3006300630063,7.477334330311244,120.14,638.40002,11761,52495,741894,99.51883707363024,76440,141.12846183143807,67.22038732008141,0.183761,0.925,12,80,150
Arizona,2016,2.4008042102773346,1.1590089290994026,98.68467122616184,5.558512210986931,9.04,511.91,7189,436322,6931071,73.3229386632618,53558,236.42993297823074,119.20382789513683,0.127003,0.832,98,470,208.51063829787233
Arkansas,2016,1.1820006047444955,1.127023832430798,98.54801571177028,2.254047664861596,53.56,398.42999,8079,188716,2988248,36.223241698633636,44334,238.0245261855813,123.69554375686072,0.121473,0.709,41,82,500
California,2016,2.133761615234599,1.787520727523022,99.571545468517,4.296724269191862,57.16,508.92999,8325,2482422,39250017,29.4957652048321,67739,199.22323618485217,104.55422912474808,0.093052,0.881,857,2060,416.0194174757282
Connecticut,2016,2.208099956915123,1.3464024127531236,99.14037054834748,10.744291253769926,30.18,526.58002,10705,185029,3576452,27.76864739127484,73433,128.6579851204255,68.47603906427435,0.06612,0.871,50,399,125.31328320802004
Florida,2016,1.3142469868483715,0.8837967542220757,97.04823614110872,38.16811371212954,18.53,584.96997,8519,1117467,20612439,62.07098295717596,50860,210.4598711081537,104.76309708310951,0.174612,0.792,193,8335,23.155368926214756
Georgia,2016,1.7170030779456098,1.2976428791847003,97.8908803618732,6.527776678825475,19.63,434.98999,7353,654878,10310371,64.94446452696099,53559,228.89262644689396,119.50812483889693,0.176833,0.841,164,825,198.78787878787878
Hawaii,2016,3.979597556190796,2.1859761224146625,99.14420672409004,7.062384395493527,182.26,580.59003,8041,90722,1428557,22.424819791846172,74511,101.31345167128839,59.66941886816374,0.047006,0.889,39,126,309.5238095238095
Idaho,2016,1.4191540010986998,1.0071415491668192,99.38577733290867,13.687969236403587,90.45,471.38,6974,114143,1683140,47.01925946330602,51807,177.04493328257175,100.27282643816947,0.150298,0.894,22,299,73.57859531772576
Indiana,2016,1.531393568147014,0.939426306510353,95.8068254672782,27.93828097854762,13.34,476.01999,8776,420367,6633053,58.54789777149483,52314,195.00766999777898,95.83425995802541,0.109756,0.821,73,2171,33.625057577153385
Iowa,2016,1.893300827346526,1.19303887750603,98.62638768097406,7.806623959332936,81.62,534.84998,8464,197487,3134693,25.43734663729643,56247,147.60682775736896,75.629871591851,0.050086,0.845,46,301,152.82392026578074
Kansas,2016,1.7736877281373709,1.2852809624183847,98.9293797523078,17.428409850393297,12.13,427.06,7845,197406,2907289,43.34863736183603,54935,140.96106657129516,78.8597844987116,0.119208,0.88,50,678,73.74631268436578
Kentucky,2016,1.897642323174238,1.130918152194748,98.26709361461668,21.870806977189957,31.62,436.57001,8611,272949,4436974,31.678656931878262,46659,250.47207384973697,139.80866841923162,0.061668,0.767,59,1141,51.70902716914986
Louisiana,2016,1.440760721661037,1.1686170297917302,98.76830155266737,34.59426577232779,19.5,571.58002,8542,306963,4681666,30.145491937385305,45146,286.2601058135442,153.69058550876733,0.135834,0.701,73,2161,33.780657103192965
Maine,2016,1.0662729658792651,0.8202099737532809,97.6923076923077,9.514435695538058,21.69,619.21997,10018,63941,1331479,45.614255485370386,53079,172.08165959604904,76.49732669001135,0.099211,0.873,10,116,86.20689655172414
Maryland,2016,1.3279637408161205,1.0392759710734851,99.14704830053668,11.778461005499503,36.72,468.70001,9321,362895,6016447,33.43403332470615,78945,127.27926629189085,63.30498652115593,0.077252,0.841,72,816,88.23529411764706
Massachusetts,2016,2.4522168039908077,2.0178241129981505,99.1827885256838,16.366795583207217,51.19,553.88,11490,359774,6811779,9.241269185686322,75297,136.11266650948954,72.97842085965203,0.025293,0.843,144,1168,123.2876712328767
Michigan,2016,1.5808777033008727,0.7768884713364289,99.13668033887984,5.1220437586948275,17.08,511.63,8707,571663,9928300,28.90717212009395,52492,207.33518870258715,101.6520666479582,0.067018,0.83,86,567,151.67548500881833
Missouri,2016,1.3449899125756557,1.0356422326832548,98.15570253607405,9.737726967047749,5.88,547.53998,8608,371532,6093000,44.62624894426209,51746,191.90829627628014,97.78904493995806,0.130006,0.796,77,724,106.353591160221
Montana,2016,1.7423048203766696,1.2445034431261928,98.1195050472159,5.392848253546835,24.43,688.82001,8680,61143,1042520,46.68959851689796,50027,150.86545324768022,80.14791279049442,0.102729,0.913,15,65,230.76923076923077
Nebraska,2016,2.3006419533192326,1.855356413967123,99.3841274524266,5.56606924190137,48.47,502.5,8943,132157,1907116,50.153483580112926,56927,141.95355094068722,74.04772099505496,0.128842,0.877,50,150,333.3333333333333
Nevada,2016,1.4143455044017896,1.1545677586953382,96.43165307428954,7.764468177226151,4.23,766.91998,7377,183361,2940058,67.79513183084849,55180,190.74093005634703,101.98996077309201,0.143467,0.79,40,269,148.69888475836433
New Jersey,2016,1.4029743055277188,1.0121457489878545,99.40231900227118,3.8882430753196777,26.8,508.28,9979,520170,8944469,35.37416134161099,76126,145.55897739208467,75.62387638531735,0.101951,0.888,101,388,260.30927835051546
New Mexico,2016,1.8974494748918895,1.4561821551495897,97.29938602893822,9.972641426175976,46.3,498.26999,7717,125126,2081015,53.38744734935468,46748,301.20786668269966,153.01365335971585,0.112869,0.854,33,226,146.01769911504425
North Carolina,2016,1.7790093295512306,1.369099345783666,99.21831152034748,3.5990096574792174,14.08,467.42001,7886,594593,10146788,44.594441921706725,50584,216.68808968632098,112.36919717634622,0.147665,0.825,167,439,380.4100227790433
North Dakota,2016,1.0114370185948809,0.7780284758422158,99.22031804847924,5.835213568816618,47.78,691.57001,9682,54898,757953,78.24039510710388,60656,124.43166818221817,63.82771600398045,0.097409,0.848,10,75,133.33333333333334
Ohio,2016,1.4907309009328138,0.7601251623568308,97.69292882685431,19.95513047585311,14.26,455.60001,9062,692745,11614373,36.28285067097161,52334,205.0949677342686,104.7479554801733,0.065028,0.828,103,2704,38.09171597633136
Oklahoma,2016,2.011834319526627,1.321499013806706,99.34942781000156,2.011834319526627,42.55,422.04001,8132,264096,3923561,73.02078449757775,49176,229.26260577766354,115.0997524255743,0.200226,0.822,67,102,656.8627450980392
Oregon,2016,2.4696851707642673,1.9579486038491487,97.98770384581844,24.696851707642676,28.12,602.65997,8699,234582,4093465,33.00310990843368,57532,169.54465431850826,85.03548585034984,0.078643,0.935,88,1110,79.27927927927928
Pennsylvania,2016,1.2406388162049986,0.9323588679358776,95.91449650586684,5.127973773647327,14.72,524.92999,9980,709743,12784227,43.63968813901521,56907,185.16617863431708,86.17158266633615,0.07125,0.842,124,682,181.8181818181818
Rhode Island,2016,3.626646306547051,2.9585798816568047,91.67104111986002,16.701660622256156,53.94,554.64001,10159,54144,1056426,19.20122150306336,60596,169.95381531937142,92.04762212666903,0.047302,0.788,31,175,177.14285714285714
South Carolina,2016,2.155377954107616,1.2588933183283422,97.42803516009738,8.564289392870087,24.49,496.19,7669,290012,4961119,39.82467411163812,49501,229.53424662593565,108.16080738469579,0.133305,0.831,66,449,146.9933184855234
South Dakota,2016,2.358675996540609,0.3144901328720811,98.51289598017196,4.088371727337055,35.95,637.28998,10046,60892,865454,44.81620426235204,54467,168.52010265183918,82.4388292552837,0.103235,0.852,4,52,76.92307692307693
Tennessee,2016,1.591760299625468,0.8895131086142322,98.72320757987174,40.390917602996254,46.57,471.32999,8065,404168,6651194,35.33675083383192,48547,226.33120367831037,115.77482409067375,0.118434,0.822,76,3451,22.022602144306
Texas,2016,1.1171527687238123,0.31188246632564104,98.6933331987728,4.563198380256305,27.14,520.25,7393,2006911,27862596,92.120153808696,56565,224.4937774347027,120.44472953395187,0.236029,0.839,122,1785,68.34733893557423
Utah,2016,2.0544326830890842,1.4870179420454324,99.16375630578192,6.945939071396427,31.27,295.79001,6398,253422,3051217,58.326106046871985,65977,110.76801693151461,71.95650828828727,0.10349,0.912,76,355,214.0845070422535
Vermont,2016,1.4469162597214686,1.4469162597214686,99.29956896551724,3.255561584373304,52.09,678.87,11246,30464,624594,15.69906464668655,57677,147.842262545536,76.58284818774648,0.032671,0.899,8,18,444.4444444444444
Virginia,2016,1.527991394995828,1.055520371543171,98.27024143517605,9.087527770238347,18.11,469.45001,7987,503782,8411808,47.731401741264186,68114,142.61956277794846,75.88767886754023,0.117334,0.829,105,904,116.15044247787611
Washington,2016,2.125289812247124,1.4661090148656637,97.42885616210827,7.023685047961085,41.43,491.31,8097,449944,7288000,25.462974342839445,67106,136.93390433801483,71.45679784624025,0.075843,0.91,129,618,208.73786407766988
West Virginia,2016,0.20692152501163932,0.10346076250581966,96.43801446744824,5.173038125290984,60.48,399.76999,10488,101668,1831102,20.7110354187179,43385,239.64012346683592,128.77089234824433,0.056583,0.682,2,100,20
Wisconsin,2016,1.9139488592864795,1.255550451691931,98.93206089525108,6.859592711682743,15.2,656.22998,8809,334091,5778709,35.377187603960614,56811,157.4559535057511,76.82751029829107,0.070287,0.839,82,448,183.03571428571428
Wyoming,2016,3.0395136778115504,2.2796352583586623,98.09183064997018,6.079027355623101,56.42,586.66998,8976,37873,585501,87.76626039412233,59882,111.11352133044107,62.90371347681482,0.127711,0.896,15,40,375
Alaska,2017,0.8033741715203856,0.4016870857601928,96.00848438102584,7.029524000803375,114.43666,606.44,12303,52919,739795,96.31500697077419,73181,149.1894953713216,74.00194741966894,0.154541,0.919,4,70,57.14285714285714
Arizona,2017,2.1682461568445928,1.1206665529758568,98.96208787897052,6.334202255950496,8.83289,505.67999,7539,435041,7016270,76.98677028402258,56581,207.54341061741073,106.55409801340535,0.129514,0.899,92,520,176.92307692307693
Arkansas,2017,1.798358997414859,0.8429807800382151,98.9435053380783,3.3438237608182537,52.29329,402.16,8409,186640,3004279,44.42706379673155,45869,224.53947925593226,116.45702458861082,0.106319,0.701,30,119,252.10084033613444
California,2017,2.1863383050363634,1.7797788576112037,99.58800852841728,4.55216828101043,61.69589,503.23001,8594,2460425,39536653,31.422299284251963,71805,181.46150079062784,96.29714754881732,0.088058,0.903,823,2105,390.97387173396675
Connecticut,2017,2.1389201195601504,1.5082129048180548,99.30559337726704,9.789672854909918,29.04789,518.25,10989,182194,3588184,30.718354961211077,74168,126.22068681569623,63.55459350524853,0.068567,0.854,55,357,154.06162464985997
Florida,2017,1.345109266775334,0.7799765539981972,95.76436069577196,36.91110602543564,18.76672,580.39001,8814,1129322,20984400,72.99498049969408,52594,203.1125197025519,100.9463728778725,0.177235,0.756,167,7903,21.131215993926357
Georgia,2017,1.8803445477810377,1.3809999375819235,99.2219736322606,6.694338680481867,21.27243,428.04999,7605,655223,10429379,74.74286535845717,56183,209.69638603276374,110.7569415108107,0.185721,0.835,177,858,206.2937062937063
Hawaii,2017,3.545480964835803,2.150537634408602,99.0957262988135,7.497820401046207,111.92128,583.73999,8496,89573,1427538,21.92871764672892,77765,115.14877967235039,73.50719244792968,0.054299,0.891,37,129,286.8217054263566
Idaho,2017,2.1432805873500844,1.3224497241096265,98.08999821077116,18.05827899129007,90.00873,460.48001,7257,116226,1716943,45.866464294874916,52225,153.30960334076892,86.29643570111537,0.162775,0.946,29,396,73.23232323232324
Indiana,2017,2.5105364483063637,1.3918518133097455,95.7169181732158,29.007752744679745,12.69304,464.75,9015,419552,6666818,63.32849821332039,54181,183.60153934276903,92.38649191435225,0.110807,0.784,107,2230,47.982062780269054
Iowa,2017,1.9315235222522091,1.0583690532888816,98.72009194441544,9.366566121606605,70.19464,525.97998,8525,198623,3145711,30.98737126721646,58570,122.88111353422379,66.9796907680962,0.056967,0.802,40,354,112.99435028248587
Kansas,2017,1.40946201100976,1.1435257825173524,98.9162172826516,16.115735446639896,12.09861,438.98999,8060,193049,2913123,52.25556992538134,56422,148.2889896973268,79.37719536181471,0.115944,0.846,43,606,70.95709570957095
Kentucky,2017,1.7620292380675768,0.7551553877432472,98.26474113819282,23.70026139994191,41.81652,435.23999,8959,276356,4454189,37.9165809265861,48375,224.49881912166825,129.22055392502222,0.068454,0.726,39,1224,31.862745098039213
Louisiana,2017,1.3864065344847745,1.135851136686321,98.59843868375113,2.689294603036731,21.05356,566.71002,8984,306213,4684333,30.69009530292716,46145,280.07043038557623,147.46600797474812,0.098703,0.662,68,161,422.360248447205
Maine,2017,1.7813215709559758,1.1875477139706505,97.63146997929609,15.26847060819408,21.05384,626.64001,10399,64390,1335907,49.402751098452235,56277,131.05485333945006,63.37055370093243,0.108472,0.881,14,180,77.77777777777779
Maryland,2017,1.3908205841446453,1.020921492616814,99.13313874180442,10.993401000207143,40.39319,465.01001,9592,363313,6052177,38.09403046057174,80776,120.00183133275242,62.44259540218937,0.072292,0.886,69,743,92.86675639300135
Massachusetts,2017,2.088065576545944,1.7917860014955065,99.21611444729068,14.461264972699952,53.37269,556.66998,11746,360336,6859819,14.797550442506598,77385,135.280506692111,72.44461068602494,0.030918,0.807,127,1025,123.90243902439025
Michigan,2017,1.537512544076894,0.856219560473959,99.23348194708376,5.275417291952457,12.91416,511.73999,8940,572370,9962311,29.911894882673526,54909,197.1197745747076,97.16430043967382,0.060193,0.853,93,573,162.30366492146598
Missouri,2017,1.5596532876939215,1.0903770772373431,98.12158886225436,10.172251973720533,5.74266,555.23999,8824,374001,6113532,50.86688627558074,53578,186.1687315477338,92.2789832772416,0.128687,0.775,79,737,107.19131614654002
Montana,2017,1.9090593543908363,1.648733078792086,98.02653963933312,4.512322110378341,24.30714,685.21997,9030,61405,1050493,57.58335963848416,53386,146.95858305751855,77.3733851997899,0.116705,0.846,19,52,365.38461538461536
Nebraska,2017,1.9528258538826773,1.455046714657681,99.42891951572376,5.475570531474958,44.9193,494.20001,9189,131679,1920076,51.429588563291496,59970,140.96739251910628,72.43050873318776,0.122785,0.853,38,143,265.7342657342657
Nevada,2017,1.8708804651296664,1.6406182540367844,97.91449426485924,6.504907463373917,6.75379,759.88,7642,184055,2998039,80.06415927972445,58003,185.4131269646742,90.68040642502166,0.147234,0.818,57,226,252.21238938053096
New Jersey,2017,1.2816339816095697,1.006998128407519,99.35522991409805,3.641467979493856,26.02118,508.35999,10340,520361,9005644,37.35069870165724,80088,139.41935189827265,72.97992914378871,0.106598,0.887,99,358,276.536312849162
New Mexico,2017,2.4447622122791643,1.337700078416901,97.1586070900372,12.546704183772311,38.79311,476.45999,7973,126427,2088070,50.59867640870662,46744,271.668623483467,151.59718801399313,0.122688,0.834,29,272,106.61764705882352
North Carolina,2017,1.6413724843286044,1.3114483668756187,99.2509516597765,3.6621577037281425,14.60106,469.72,8105,601181,10273419,48.376297629738495,52752,211.94476602150726,106.35013782825904,0.149843,0.803,159,444,358.1081081081081
North Dakota,2017,1.867337825769262,1.299017617926443,99.42686470778172,6.738653892993423,48.18316,693.97998,9961,52802,755393,75.26430746270282,61843,109.37601511974722,61.214297355125986,0.10138,0.84,16,83,192.7710843373494
Ohio,2017,1.941632012378834,1.0117316233085112,97.72025094686644,21.447222573517926,12.45716,452.01999,9400,695130,11658609,45.44456267105813,54021,200.97645710848712,98.25086321696142,0.071331,0.801,136,2883,47.173083593479014
Oklahoma,2017,1.7643273761338398,1.2869211449446831,99.34631088382068,1.7643273761338398,41.31891,417.78,8382,262561,3930864,80.87927103036752,50051,214.90761604326272,115.69122454737052,0.197921,0.777,62,85,729.4117647058823
Oregon,2017,2.2337877671333826,1.70412675018423,98.6214258136313,23.811717022844512,27.70844,603.5,8827,232253,4142776,35.52792487999871,60212,164.92685548700692,88.49971562105888,0.088377,0.932,74,1034,71.56673114119923
Pennsylvania,2017,1.6760835766561757,1.198285995980433,96.27966411098942,6.2492889916954235,12.63415,521.75,10342,705018,12805537,44.063739454714,59195,169.66578033066975,80.50510985938011,0.068763,0.829,158,824,191.74757281553397
Rhode Island,2017,3.152585119798234,2.5220680958385877,99.13385123671756,20.987209511799676,57.59099,562.03998,10290,55019,1059639,20.68229706081926,63870,166.19625668186706,78.58274658374734,0.056421,0.828,28,233,120.1716738197425
South Carolina,2017,1.853514990541341,1.3949133433970915,97.66717055782618,7.337626354307989,24.17765,486.92001,7855,289539,5024369,51.480164841884005,50570,226.00720572473244,112.57520386831145,0.154766,0.805,73,384,190.10416666666666
South Dakota,2017,2.9642685467072583,0.2403460983816696,97.41668617810036,4.566575869251722,36.83437,634.02002,10440,60460,869666,61.70738010997531,56521,166.4942523179256,83.9261112829308,0.117743,0.885,3,57,52.63157894736842
Tennessee,2017,1.7275995704347014,0.9571835457813886,98.75046108447069,39.302890227389454,50.61096,464.26001,8485,405128,6715984,44.22521060070407,51340,212.01271344833089,109.46899773234131,0.114045,0.758,82,3367,24.354024354024354
Texas,2017,1.115865357598722,0.33449201366868164,98.49425693305992,4.888935271781451,21.57633,520.27002,7572,2020164,28304596,107.25862568581101,59206,209.367339913241,113.23119666920597,0.239312,0.859,125,1827,68.41817186644774
Utah,2017,1.989120727449866,1.684663473248356,99.2006443169234,7.20548834943574,31.31966,298.35999,6628,253089,3101833,73.19239852724807,68358,107.04059537994094,66.99070072942234,0.111659,0.918,83,355,233.80281690140845
Vermont,2017,2.018348623853211,1.651376146788991,98.76766944545123,5.321100917431192,56.159,684.21002,11521,30096,623657,15.955312536878957,57513,137.62568506451473,70.43371862959492,0.051242,0.902,9,29,310.3448275862069
Virginia,2017,1.6278974526988288,0.9214513883200915,98.21809259482724,9.337374068310265,38.12053,465.01999,8176,501972,8470020,51.14356688784603,71535,140.25514370646792,71.25065212599051,0.118693,0.917,90,912,98.6842105263158
Washington,2017,1.832249932895305,1.2487308459859725,99.55501336121762,6.943877134221061,41.3892,486.98999,8278,455015,7405743,26.495661650090355,70979,143.28475234049267,71.1301657275385,0.077472,0.925,107,595,179.83193277310923
West Virginia,2017,0.2675370538819627,0.21402964310557013,97.28280672531362,6.581411525496281,57.28298,394.75,11017,97887,1815857,26.37522786914802,43469,258.86913521617527,141.03158542451175,0.076533,0.699,4,123,32.520325203252035
Wisconsin,2017,1.8036669332956916,1.1606204614250537,98.76541297478158,7.889082325632459,14.53865,655.89001,9019,333985,5795483,38.72911506946709,59305,144.87213298138064,70.98672528959162,0.064981,0.828,74,503,147.117296222664
Wyoming,2017,1.948684637869438,1.948684637869438,98.21371610845296,2.7606365703150373,52.82002,587.45001,9496,37910,579315,95.47373615528018,60434,133.10131305742132,75.50834139679795,0.170364,0.9,12,17,705.8823529411765
Alaska,2018,1.761292996270203,0.8288437629506837,96.75220529270248,7.148777455449648,96.52,618.54999,12695,52173,737438,94.37244272748042,74346,140.50416625059637,75.33710983901102,0.140103,0.902,8,69,115.94202898550725
Arizona,2018,2.255639097744361,1.0846789103907308,99.03080904252722,5.706890176260323,9.66,497.89001,7816,434032,7171646,83.79949394005533,59246,200.82999154913196,99.36100632455461,0.145502,0.769,88,463,190.0647948164147
Arkansas,2018,2.1657357802348116,1.3108400775105438,98.85627359287848,4.3029750370454805,50.57,393.73999,8545,188092,3013825,45.14873706736087,47062,247.17391870728312,126.70483946880518,0.113717,0.762,46,151,304.63576158940396
California,2018,2.155008266091998,1.7831461328578275,99.55708002890354,4.704279998745525,65.71,547.96002,9069,2428493,39557045,31.3945842636826,75277,173.8582096203377,90.84246550581162,0.088732,0.912,796,2100,379.04761904761904
Connecticut,2018,2.3962774109058484,1.6718214494691968,99.209398756047,11.647022764635404,31.06,516.87,11378,181224,3572665,25.82064713852425,76348,140.5037506021609,70.59146686698021,0.068559,0.908,60,418,143.54066985645932
Florida,2018,1.2234524979215478,0.7983145642808556,95.57036314715496,34.00631093643715,18.63,577.73999,9148,1135392,21299325,75.53853770131528,55462,196.74806705595722,97.15717549833235,0.184749,0.763,169,7199,23.475482705931377
Georgia,2018,1.6618263956114876,0.8712487899322362,97.5609756097561,5.735721200387221,22.42,423.06,7844,645488,10519475,81.36440875346086,58756,204.89470804193817,108.45800790255876,0.188432,0.809,108,711,151.8987341772152
Hawaii,2018,4.5365009252074255,3.044230884020773,99.07741439470104,8.356712230645257,119.61,583.91998,8932,87437,1420491,26.05759009623435,80212,118.9848207557326,56.55690881145278,0.043675,0.946,51,140,364.2857142857143
Idaho,2018,1.7553269296406455,1.0239407089570434,95.90367079728782,28.329026281144863,89.11,452.34,7444,113693,1754208,61.12888264349834,55583,143.06947820782463,82.05772503512158,0.160965,0.892,21,581,36.144578313253014
Indiana,2018,2.48043285481114,1.5422380444421595,97.95797610504717,32.065699340693236,13.9,471.45001,9297,417774,6691878,65.64416734522783,55746,179.80622690962088,93.02948711245882,0.112751,0.793,120,2495,48.09619238476954
Iowa,2018,2.320436026118396,1.483999784145486,98.46439957492032,10.441962117532784,40.15,527.59998,8812,197883,3156145,26.92497841851934,59955,135.12364073028084,71.60930067509737,0.061879,0.847,55,387,142.1188630490956
Kansas,2018,1.765272279875896,1.4175671338397346,98.267931768602,12.009200813095111,14.12,426.85001,8381,186990,2911510,51.068109112772454,58218,149.27920461563608,80.06901979778411,0.122863,0.879,53,449,118.04008908685968
Kentucky,2018,0.9860765984301662,0.4733167672464797,98.18562051004008,12.010412968879423,34.23,431.60001,9332,273489,4468402,37.542655713286074,50247,230.1007831439529,125.99490573144723,0.073474,0.791,24,609,39.40886699507389
Louisiana,2018,1.0889539236371062,0.7486558225005105,98.86120876717858,12.6250595521677,23.98,562.59998,9217,301857,4659978,33.78216518137966,47905,261.5755043459227,136.3899254828949,0.096218,0.702,44,742,59.299191374663074
Maine,2018,1.95994887089902,1.1930123561994035,97.78351804016332,11.674478057094165,17.69,626.27002,10950,63410,1338404,54.942433868042755,55602,144.9252478579917,73.46836300366085,0.096863,0.823,14,137,102.18978102189782
Maryland,2018,0.976360247344596,0.7100801798869789,99.12311572526248,10.37012929376609,42.4,451.23001,9934,361435,6042718,32.93404529645922,83242,115.54841417605998,60.114563439130876,0.076489,0.868,48,701,68.47360912981455
Massachusetts,2018,2.658152872683145,2.2969907975903268,99.15060016615578,17.14797532540703,76.31,552.12,12215,357223,6902149,12.209401157295654,79835,121.77211481914624,65.01987282607705,0.030299,0.848,159,1187,133.95113732097724
Michigan,2018,1.4372509309466257,0.8679502375197156,99.21295567551552,4.694397521208784,15.18,517.08002,9142,569183,9995915,33.92395290148072,56697,194.43015360609675,94.60353388748655,0.06658,0.844,93,503,184.89065606361828
Missouri,2018,1.307639366827254,0.9910529938059188,98.11601053413465,10.144528561596696,7.07,550.17999,9032,370408,6126452,56.80014755251397,54478,183.45873924204318,90.19805580845922,0.130924,0.832,72,737,97.69335142469471
Montana,2018,1.0644903752328574,0.7096602501552381,97.94092093831452,3.548301250776191,22.56,687.25,9354,61688,1062305,61.12297120660195,55328,160.13362632669947,76.83620498187418,0.093473,0.873,8,40,200
Nebraska,2018,2.291618115435407,1.475957430280432,99.33253597746828,5.243532975996271,46.54,485.39999,9492,131156,1929268,52.33782119973101,59566,129.1122165803198,71.28295732536014,0.120638,0.855,38,135,281.4814814814815
Nevada,2018,1.648828463986115,1.214926236621348,97.71333276802623,7.000289268151576,8.49,750.14001,7892,184539,3034392,79.69727777146798,58646,177.2715262288524,90.95321791355687,0.152924,0.834,42,242,173.55371900826447
New Jersey,2018,1.141389641889,0.7031775472351874,99.3258563446433,3.7706622098118743,28.29,508.73001,10665,517694,8908520,38.735403987326656,81740,136.8196889710862,69.40827267529292,0.100108,0.817,69,370,186.48648648648648
New Mexico,2018,1.7189514396218306,0.8594757198109153,96.56492069347104,11.1731843575419,135.32,498.89001,8154,118494,2095428,52.500269267299196,47169,263.3328945301054,150.72328605630446,0.129857,0.843,18,234,76.92307692307693
North Carolina,2018,1.8836472745457575,1.325220870145024,99.28092081854216,3.900650108351392,15.31,475.64999,8285,597192,10383620,53.16638869812616,53855,201.96852102688035,101.60184113534137,0.146678,0.85,159,468,339.7435897435898
North Dakota,2018,1.894875597297743,1.5653320151590049,99.49995901303386,6.261328060636019,54.1,698.08002,10269,52175,760077,60.16928162992796,63837,99.31588185204279,57.20549811354892,0.089866,0.812,19,76,250
Ohio,2018,2.10266766505563,1.187477782063791,97.28697571743928,23.825191168795808,13.14,451.42001,9627,693129,11689442,48.23664984028093,56111,195.10367008231407,97.05790624858939,0.080582,0.823,157,3150,49.84126984126984
Oklahoma,2018,1.4871913030728303,1.1311032445906035,99.31351542510038,1.4871913030728303,38.99,413.76999,8625,258036,3943079,82.47349292287736,51924,216.63705582400584,114.45255652609002,0.194214,0.821,54,71,760.5633802816901
Oregon,2018,2.449348425758585,1.9024065442785123,98.68350034027176,24.897745648245028,28.04,598.90997,9168,230515,4190713,35.58538284769616,63426,157.178430613436,80.42929096344272,0.096084,0.937,80,1047,76.40878701050622
Pennsylvania,2018,1.4635182067731318,0.8265465520117689,97.6663580818367,6.536542457193988,14.5,526.03998,10910,700416,12807060,43.88175631960606,60905,167.5571215707979,81.31502381418231,0.070582,0.769,109,862,126.45011600928075
Rhode Island,2018,3.914428766499773,2.6399635867091487,99.29494712103408,19.572143832498863,52.96,567.09998,10464,54430,1057315,21.81803259253855,64340,180.49270237060568,91.08762061775687,0.054572,0.845,29,215,134.88372093023256
South Carolina,2018,1.9485279932090904,1.2732955203148513,97.6949318657293,6.71374001620558,26.13,479.53,7975,287356,5084127,47.28619887789126,52306,225.82716602850067,108.21181095040583,0.142854,0.773,66,348,189.65517241379308
South Dakota,2018,1.2373174956693886,0.08248783304462591,96.38257274606455,4.784294316588303,35.06,533.72998,11086,60427,882235,59.109822328601055,56274,163.65445993214757,79.97469356916257,0.119648,0.847,1,58,17.241379310344826
Tennessee,2018,1.424368374352029,0.8172605426610003,99.0391175144248,16.60206416662775,49.55,470.23999,8565,404439,6770010,51.87055255862366,52375,223.32754657352075,113.16861104996698,0.131123,0.791,70,1422,49.22644163150492
Texas,2018,1.2103639429891686,0.5971128785413231,98.71098437782096,5.086218258205595,16.92,502.60999,7711,2010781,28701845,111.53418057978237,60629,211.37604208256616,114.05311051506419,0.243378,0.851,222,1891,117.39820200951877
Utah,2018,1.8212648370281983,1.3397810295379848,99.05854053045228,10.027423642948357,33.44,295.39001,7008,250194,3161105,73.50807838094637,71414,95.14053751765287,61.30011145963723,0.110082,0.878,64,479,133.6116910229645
Vermont,2018,1.8986140117714068,1.8986140117714068,98.8736624741881,4.366812227074235,47.41,681.40002,11797,28810,626299,19.7294114819888,60782,121.41712342716478,61.98813894380119,0.047024,0.904,10,23,434.7826086956522
Virginia,2018,1.491508686752317,0.6891798759476223,98.0840631179628,9.555941862020015,38.08,466.98001,8425,502102,8517685,50.97469633900421,72577,137.19327474464583,70.92083443353815,0.108702,0.875,67,929,72.1205597416577
Washington,2018,2.087231898661293,1.6194040593061754,99.5379159651825,7.5212321865553475,46.05,484.32999,8588,458194,7535591,27.053821618671137,74073,125.11764007582812,63.440972911258925,0.08423,0.951,135,627,215.311004784689
West Virginia,2018,0.767585942211744,0.49344810570754977,98.14356435643565,13.48758155600636,59.61,394.01999,11337,93922,1805832,33.76010225960746,44097,245.14449200219383,130.48401098912993,0.082059000000000007,0.63,9,246,36.58536585365854
Wisconsin,2018,1.9399875968006104,1.08130456215116,98.43011425888244,6.948971965589072,17.43,643.82001,9244,330651,5813568,37.84340649167322,60773,140.4999029890594,69.59196433974061,0.079143,0.837,68,437,155.60640732265446
Wyoming,2018,2.8808676495509236,2.3724792408066433,98.53063950576056,5.422809693272327,53.37,607.46997,9787,35395,577737,71.2746934005435,61584,138.22837731904886,70.84587441619098,0.14676,0.879,14,32,437.5
Alaska,2019,1.710863986313088,0.8554319931565441,96.29324546952223,9.302822925577418,98.25,623.25,13226,50891,731545,93.99374743423753,75463,130.4716583749815,65.55347137935685,0.127584,0.929,8,87,91.95402298850574
Arizona,2019,2.3380345425748548,1.2821479749604043,98.8838064933128,6.058777685597205,15.25,491.64999,8145,427707,7278717,92.49077844064205,62055,191.27828705974568,95.21377557585896,0.147151,0.854,102,482,211.61825726141078
Arkansas,2019,1.7962163571573428,0.9270794101457251,98.96780112968432,4.229799808789871,48.23,398.32001,8853,183327,3017804,58.56978773428927,48952,220.93586429442556,117.30890170196146,0.125927,0.749,32,146,219.17808219178082
California,2019,2.0873588181214684,1.644793123350359,99.52886737446303,4.484969875876292,71.89,558.26001,9628,2377839,39512223,35.51642483400154,80440,156.21492586695152,82.36112815365551,0.098053,0.899,721,1966,366.73448626653106
Connecticut,2019,2.6317278849963213,1.6978889580621428,99.3645259250928,11.177768973909105,32.47,531.04999,11831,180598,3565287,34.79114449557302,78833,141.36298195416697,68.04408117745463,0.071334,0.842,60,395,151.8987341772152
Florida,2019,1.2284659949140553,0.7552436855891856,95.08840507249673,38.35968719527352,18.62,587.28003,9490,1131148,21477737,76.49310202889907,59227,177.46991387806233,87.07049317840949,0.183018,0.71,158,8025,19.68847352024922
Georgia,2019,1.325520307132754,0.7516670034350373,97.17487943953128,5.617296423519903,27.35,420.89999,8243,639713,10617423,74.05584767191175,61980,187.38698350471842,95.98464452305669,0.178986,0.826,93,695,133.81294964028777
Hawaii,2019,3.8603052053803006,1.6285662585198142,99.227914771367,11.038060196634296,127.36,588.32001,9555,85335,1415872,28.004811888793313,83102,123.56687034645898,64.23660525100726,0.053836,0.901,27,183,147.54098360655738
Idaho,2019,2.331445972308132,1.4274159014131418,97.79442557349589,27.26364371699101,85.26,446.14999,7723,115837,1787065,49.63441240639189,60999,131.80988279639556,73.75177903643599,0.155216,0.935,30,573,52.35602094240838
Indiana,2019,2.1886088735786995,1.579942500453262,98.21424028897763,35.85951462094331,15.08,482.14999,9927,414553,6732219,71.39049276707202,57603,151.52420643937654,78.35020100901033,0.110986,0.859,122,2769,44.05922715781871
Iowa,2019,1.5401242907322343,0.9727100783572008,98.47013436211256,9.646041610375574,82.78,529.21002,9193,190606,3155070,29.204700766474765,61691,129.62162116476054,72.8571393245813,0.055048,0.824,36,357,100.84033613445378
Kansas,2019,1.8025399426464568,1.4748054076198278,99.01297998918336,14.474941963676088,13.01,440.14001,8745,183236,2913314,58.184197682420496,62087,147.25786951391822,74.82184463570688,0.134914,0.871,54,530,101.88679245283019
Kentucky,2019,1.186048849130566,0.02010252286661976,98.2694928982043,14.493918986832847,35.46,443.13,9744,273130,4467673,42.59550003495229,52295,217.14562975610656,118.3714167307195,0.08397,0.747,1,721,1.3869625520110958
Louisiana,2019,1.7853770750716724,1.0643594101388818,99.01412520609884,3.330414928499082,24.81,564.96002,9657,292977,4648794,43.55861278902042,51073,270.3235096405012,143.18779060737222,0.105836,0.711,62,194,319.58762886597935
Maine,2019,1.4231077114649116,0.8894423196655696,97.66330785267547,15.387352130214357,27.37,636.66998,11488,62813,1344212,56.02188456351223,58924,138.33045373706824,64.9326030785024,0.108643,0.866,10,173,57.80346820809248
Maryland,2019,1.329606406285412,0.9216589861751152,99.07489184617458,10.742615396237818,43.13,439.26001,10248,358346,6045680,33.870287474259875,86738,120.14626448525034,57.95755333191981,0.080023,0.885,61,711,85.79465541490858
Massachusetts,2019,2.0042102834731956,1.5716469129394124,99.18482924317831,18.470455921792546,83.44,553.64001,12729,355066,6892503,15.227689322778197,85843,116.25685692436458,59.56258389614445,0.031843,0.8,109,1281,85.08977361436378
Michigan,2019,1.6463803424090446,0.9231149896744354,99.21068781570128,4.882041130958612,15.17,519.75,9532,567914,9986857,34.187374561004624,59584,176.18497000030865,87.78714626184134,0.069949,0.831,97,513,189.08382066276803
Missouri,2019,1.2737961926091823,0.8958566629339306,98.05509422567496,11.50615901455767,7.13,559.84998,9431,365451,6137428,65.45624981853425,57409,171.20440149453734,87.6494539292194,0.140733,0.783,64,822,77.85888077858881
Montana,2019,1.1108025548458762,0.8331019161344071,97.1056179775281,3.795242062390077,21.73,697.22998,9808,58850,1068778,62.19001170664714,57153,149.2365286443562,78.51038441093048,0.106478,0.835,9,41,219.5121951219512
Nebraska,2019,2.037554934079105,1.1186576108669597,99.38455429819338,4.674390731122653,38.49,483.34,9917,129551,1934408,56.5511637263142,63229,110.34740477851676,62.12412248764231,0.105749,0.861,28,117,239.31623931623932
Nevada,2019,1.599052413384661,1.0660349422564406,97.22182236936808,7.077287533313592,10.76,740.85999,8114,184168,3080156,80.01622789707982,63276,169.32126176660884,87.2961153981665,0.149543,0.838,36,239,150.62761506276152
New Jersey,2019,0.9426057813154588,0.53414327607876,98.91635414292524,3.8437369082530375,29.21,515.21997,11264,511925,8882190,43.163201779800616,85751,123.0361991966881,61.8722270923533,0.108516,0.825,51,367,138.96457765667574
New Mexico,2019,1.4939759036144578,0.9156626506024096,96.23411557369448,15.325301204819278,139.6,500.31,8459,116978,2096829,57.49392901432713,51945,249.2731136951182,137.01880026802905,0.117691,0.834,19,318,59.74842767295598
North Carolina,2019,1.9547402450943536,1.378342480515249,99.22992755184934,4.920264975899891,14.93,482.78,8619,596583,10488084,57.65510330035625,57341,195.31411174737428,96.48128681760896,0.15829,0.834,165,589,280.1358234295416
North Dakota,2019,1.3489587724475172,1.011719079335638,99.31340534204136,8.346682404519012,58.6,700.65002,10653,50567,762062,77.66834643481235,64577,102.46047714860593,64.82541726250469,0.08892,0.857,12,99,121.21212121212122
Ohio,2019,1.9445831630877255,0.8625777454941663,97.80214900985705,26.792875410481077,14.01,455.13,10173,686672,11689100,47.88984119442262,58642,184.4525356248907,91.84657958438527,0.082849,0.795,114,3541,32.194295396780575
Oklahoma,2019,1.6564729867482162,0.891946992864424,99.31453398856851,1.6564729867482162,43.61,410.32999,8923,251083,3956971,85.83540263916082,54449,199.34632134637266,108.02312878040982,0.215827,0.773,42,78,538.4615384615385
Oregon,2019,2.25587367107442,1.679905925268185,98.77213359565744,27.98243298375291,35.25,592.40997,9635,223364,4217737,41.02753104268876,67058,130.87230806826244,65.89349130960818,0.087487,0.872,70,1166,60.03430531732418
Pennsylvania,2019,1.2325015216068167,0.8597078514911747,98.03541327923384,5.515824710894705,15.06,532.34003,11175,695661,12801989,45.62394373331108,63463,168.67996054732635,82.26442774726908,0.072542,0.748,113,725,155.86206896551724
Rhode Island,2019,1.599698880210784,1.0350992754305073,99.24355621964888,13.832690317116777,57.26,556.08002,10988,54802,1059361,18.980733261907787,71169,140.00089971658926,65.70741678567285,0.062226,0.824,11,147,74.82993197278911
South Carolina,2019,2.1261516654854713,1.283352807094834,97.66898022561875,5.688892294136802,27.03,473.62,8345,289537,5148714,58.23314068933893,56227,197.4873175096067,98.40740216710226,0.141512,0.806,67,297,225.58922558922558
South Dakota,2019,2.383181547365733,0,96.11420157068062,5.702612988339433,35.48,525.72998,11627,58859,884659,77.98081982216995,59533,149.80121843091268,73.15907913771856,0.132313,0.889,0,67,0
Tennessee,2019,1.9363242697710443,1.1617945618626266,99.00659943300646,18.471360003755297,51.24,479.94,8827,407026,6829174,50.288305369347704,56071,196.65062031685625,99.58012494972206,0.130436,0.788,99,1574,62.89707750952986
Texas,2019,1.044362466638421,0.34002498913809065,98.68232186179291,4.601131797463846,17.16,505.75,8028,1981755,28995881,127.47262824086508,64034,191.89903081892535,104.51261592725545,0.248172,0.841,126,1705,73.90029325513196
Utah,2019,1.9504215427205231,1.3212533031332578,99.2651191839284,12.98183801015058,33.02,291.03,7193,245883,3205958,83.06515796394338,75780,99.34730430266305,61.041988625014454,0.120659,0.914,63,619,101.77705977382875
Vermont,2019,3.3080365829928,2.7242654212881883,98.96013864818023,8.561977038334307,49.2,684.78998,12159,29021,623989,20.91663856369739,63001,101.83152819258034,58.21213809532958,0.053246,0.918,14,44,318.1818181818182
Virginia,2019,1.1213112005365526,0.5868544600938967,97.97125256673512,9.735496311200537,39.6,470.94,8826,499906,8535519,48.886116998846305,76456,134.18714645858736,65.25893382688162,0.101985,0.833,56,929,60.279870828848225
Washington,2019,1.95183867993438,1.4010130401982972,99.54228499910602,7.268503550430483,45.62,483.42001,8964,455283,7614893,30.808684583822437,78687,120.47011051471364,62.30296309514705,0.085707,0.937,117,607,192.7512355848435
West Virginia,2019,0.5399276496949409,0.3239565898169645,97.90664481683142,18.735489444414448,58.74,396.73001,11951,91548,1792147,35.24815488708776,48850,201.3779170659691,111.34137631995102,0.075067,0.598,6,347,17.29106628242075
Wisconsin,2019,1.665777174000938,0.873320071806317,98.39282020272742,5.708925654585739,17.38,646.28998,9652,327258,5822434,37.7160213327225,64168,135.10169404087108,62.091698886346386,0.073053,0.875,54,353,152.97450424929178
Wyoming,2019,3.084832904884319,2.056555269922879,98.59749915511998,5.655526992287918,50.44,619.38,10111,33098,578759,106.37629786758959,65003,115.67802132928522,66.22442904899286,0.18399,0.924,12,33,363.6363636363636
Alaska,2020,1.5878416695020985,0.7939208347510491,93.72807483788668,7.93920834751049,215.15,612.71002,13642,NA,NA,NA,NA,NA,NA,NA,0.922,7,70,100
Arizona,2020,2.458255423199132,1.686781646769617,98.54267601278218,7.230932175686808,24.34,510.44,8756,NA,NA,NA,NA,NA,NA,NA,0.797,129,553,233.2730560578662
Arkansas,2020,1.723728007608179,0.9213029006181646,98.80197322057788,5.052306229196386,45.9,426.66,9338,NA,NA,NA,NA,NA,NA,NA,0.748,31,170,182.35294117647058
California,2020,2.1901571759855707,1.6991341465193277,99.5455689341438,4.343852245822658,69.87,572.87,10299,NA,NA,NA,NA,NA,NA,NA,0.89,699,1787,391.15836597649695
Connecticut,2020,2.620439427534771,1.7853543352434704,99.16333523700742,10.596941860799957,35.01,531.97998,12489,NA,NA,NA,NA,NA,NA,NA,0.845,62,368,168.47826086956522
Florida,2020,1.3310210485919838,0.8646779074794638,98.19313601564548,39.2456899692505,19.59,598.96002,9865,NA,NA,NA,NA,NA,NA,NA,0.827,178,8079,22.032429756157942
Georgia,2020,1.802315346505604,0.99756058713566,96.74308838914256,7.536193007016455,27.78,422.85999,8758,NA,NA,NA,NA,NA,NA,NA,0.849,119,899,132.36929922135707
Hawaii,2020,3.291171915332989,1.6778523489932886,98.62525458248471,12.777490965410427,125.62,576.12,10291,NA,NA,NA,NA,NA,NA,NA,0.892,26,198,131.31313131313132
Idaho,2020,3.367331999414377,1.317651651944756,94.06445097319134,31.916451124884095,84.95,451.32999,8148,NA,NA,NA,NA,NA,NA,NA,0.878,27,654,41.284403669724774
Indiana,2020,2.425497703953016,1.6624197746194829,97.89371181602328,40.620273345415406,15,508.54999,10517,NA,NA,NA,NA,NA,NA,NA,0.781,122,2981,40.925863804092586
Iowa,2020,1.752897936104043,0.8764489680520215,98.32100961805747,9.160305343511451,85.37,550.35999,9789,NA,NA,NA,NA,NA,NA,NA,0.827,31,324,95.67901234567901
Kansas,2020,1.491739142672183,1.210278927073658,99.0410615225936,15.56474992259844,14.73,468.70999,9408,NA,NA,NA,NA,NA,NA,NA,0.862,43,553,77.75768535262206
Kentucky,2020,1.350284598446134,0.24928331048236324,97.9449825018312,17.512152561386014,35.89,463.66,10257,NA,NA,NA,NA,NA,NA,NA,0.745,12,843,14.234875444839856
Louisiana,2020,1.4385678258089725,0.9590452172059816,98.5973698495806,8.258444925940397,25.58,570.5,10515,NA,NA,NA,NA,NA,NA,NA,0.696,54,465,116.12903225806453
Maine,2020,2.742481031172868,1.828320687448579,96.80530973451329,27.33339427735625,33.82,650.44,12077,NA,NA,NA,NA,NA,NA,NA,0.861,20,299,66.8896321070234
Maryland,2020,1.3641718856575928,0.9766230545048676,98.37435568975508,10.4948223476158,45.07,457.28,10839,NA,NA,NA,NA,NA,NA,NA,0.861,63,677,93.0576070901034
Massachusetts,2020,2.2840656368335637,1.9083969465648851,99.01060806689182,17.95696339484282,86.76,554.21997,13319,NA,NA,NA,NA,NA,NA,NA,0.885,127,1195,106.27615062761505
Michigan,2020,1.844012412384625,1.0112326132431817,98.927040731260007,5.016506885304411,17.3,546,9897,NA,NA,NA,NA,NA,NA,NA,0.828,102,506,201.5810276679842
Missouri,2020,1.7108264607825934,1.2867754576826345,97.60372215165484,10.133356729250746,7.06,585.22998,9921,NA,NA,NA,NA,NA,NA,NA,0.806,88,693,126.98412698412697
Montana,2020,0.8610792192881744,0.7654037504783774,96.5988909426987,3.5399923459624953,18.91,731.83002,10212,NA,NA,NA,NA,NA,NA,NA,0.88,8,37,216.21621621621622
Nebraska,2020,2.740398380301853,1.7587631395967116,98.93974343409818,7.607673115464845,40.9,478.31,10514,NA,NA,NA,NA,NA,NA,NA,0.867,43,186,231.1827956989247
Nevada,2020,1.2438197705152525,0.901769333623558,96.69262455275263,5.503902484529991,12.19,749.71997,8348,NA,NA,NA,NA,NA,NA,NA,0.75,29,177,163.8418079096045
New Jersey,2020,1.040405970656305,0.5414357602395057,98.66862200806578,3.705119222031127,31.25,541.65002,11868,NA,NA,NA,NA,NA,NA,NA,0.866,51,349,146.13180515759313
New Mexico,2020,1.7971351551350494,1.162852159205032,92.25180417398089,15.751361065595434,151.15,509.97,8902,NA,NA,NA,NA,NA,NA,NA,0.88,22,298,73.8255033557047
North Carolina,2020,2.0823063455098674,1.3428751126145269,99.00371922384342,5.787961719560081,15.05,514.48999,8917,NA,NA,NA,NA,NA,NA,NA,0.814,158,681,232.01174743024964
North Dakota,2020,1.6672516672516673,1.1407511407511408,98.71794871794872,10.617760617760617,61.44,705.25,11301,NA,NA,NA,NA,NA,NA,NA,0.876,13,121,107.43801652892563
Ohio,2020,2.320148994602102,1.160074497301051,97.46559906469452,34.01306859433694,15.8,467.53,10478,NA,NA,NA,NA,NA,NA,NA,0.756,147,4310,34.10672853828306
Oklahoma,2020,1.6678004783954004,1.272795101933332,99.2248230811105,1.6678004783954004,55.89,414.20999,9444,NA,NA,NA,NA,NA,NA,NA,0.788,58,76,763.1578947368422
Oregon,2020,2.043545172439892,1.538966117516462,98.42322208978943,30.14859853167495,35.11,591.46997,10071,NA,NA,NA,NA,NA,NA,NA,0.936,61,1195,51.046025104602506
Pennsylvania,2020,1.397108456430623,0.9418708695037912,97.8743671882802,5.439304271384393,14.99,511.54001,11603,NA,NA,NA,NA,NA,NA,NA,0.793,120,693,173.16017316017314
Rhode Island,2020,2.1842355175688506,1.519468186134853,98.9010989010989,23.36182336182336,59.16,561.09003,11694,NA,NA,NA,NA,NA,NA,NA,0.821,16,246,65.04065040650407
South Carolina,2020,2.109164021998384,1.8529104492322248,97.40975422427034,6.071238493228992,27.51,478.29001,8766,NA,NA,NA,NA,NA,NA,NA,0.787,94,308,305.1948051948052
South Dakota,2020,2.1828103683492497,0.2728512960436562,94.58878183069513,6.639381537062301,36.04,525.57001,12495,NA,NA,NA,NA,NA,NA,NA,0.864,3,73,41.0958904109589
Tennessee,2020,1.916649696330814,1.0421782723798798,98.91462764381777,26.43778674876316,55.38,502.26999,9336,NA,NA,NA,NA,NA,NA,NA,0.811,87,2207,39.420027186225646
Texas,2020,1.122939655891264,0.3057508964060372,98.48213185880678,5.522973010534508,20.41,537.77002,8406,NA,NA,NA,NA,NA,NA,NA,0.81,110,1987,55.359838953195776
Utah,2020,2.8922944096697605,2.4174401036045756,98.65843270868824,15.670192100151093,35.46,294.17999,7522,NA,NA,NA,NA,NA,NA,NA,0.861,112,726,154.26997245179064
Vermont,2020,1.2355848434925865,0.8237232289950577,98.04159095497678,8.031301482701812,52.61,688.54999,12756,NA,NA,NA,NA,NA,NA,NA,0.896,4,39,102.56410256410255
Virginia,2020,1.5171711260660836,0.4876621476640983,97.29139868840016,11.237903269503777,36.26,493.47,9195,NA,NA,NA,NA,NA,NA,NA,0.838,45,1037,43.39440694310511
Washington,2020,1.970710317900208,1.3302294645826405,99.19000146606068,7.882841271600832,47.95,489.01001,9265,NA,NA,NA,NA,NA,NA,NA,0.933,108,640,168.75
West Virginia,2020,0.5017002062545292,0.3902112715313006,98.4685475902953,20.84843079324377,62.83,410.16,12769,NA,NA,NA,NA,NA,NA,NA,0.736,7,374,18.71657754010695
Wisconsin,2020,1.9451962110960757,1.0487144790257104,98.22229606246886,8.491204330175913,17.67,672.51001,9982,NA,NA,NA,NA,NA,NA,NA,0.837,62,502,123.50597609561753
Wyoming,2020,2.5293586269196022,2.3486901535682025,98.48754448398576,6.504065040650406,28.74,650.07001,10989,NA,NA,NA,NA,NA,NA,NA,0.882,13,36,361.1111111111111
Alaska,2021,1.4717536510811728,0.6792709158836182,94.33942112570756,7.585191894033738,90.17,631.78003,NA,46198,732673,78.71919968724394,77845,123.63807280222892,71.14679537754675,0.118468,0.923,6,67,89.55223880597015
Arizona,2021,2.495061856741865,1.4424576359288908,98.05175775028351,5.990747478947916,15.32,510.72,NA,402255,7276316,85.06412845860285,69056,173.36170341499815,90.90436415906342,0.131488,0.845,111,461,240.7809110629067
Arkansas,2021,1.3932832138399465,1.0159356767582943,98.66540653549846,6.298801195901425,42.94,433.13,NA,179924,3025891,57.7770299828381,52528,223.80783407802215,116.3996805682901,0.116057,0.812,35,217,161.29032258064515
California,2021,2.1448397678526367,1.6134824045497778,99.51852728264912,4.2387274597721225,78.47,591.76001,NA,2210235,39237836,34.64539490367846,84907,157.98408608586726,89.76891786669128,0.085697,0.889,665,1747,380.65254722381223
Connecticut,2021,2.5935733981271674,1.965655628054274,99.13394137865708,10.974910589969696,37.46,543.46002,NA,177577,3605597,24.0161156363974,83771,127.47895424110244,66.50646796789916,0.06695,0.874,72,402,179.1044776119403
Florida,2021,1.446054921165906,0.7856898405001421,95.80901097277128,10.435696347747289,19.53,645.22998,NA,1091954,21781128,73.16777828042223,63062,178.4506701445184,93.59197120492716,0.165455,0.806,163,2165,75.28868360277136
Georgia,2021,1.6936567133047995,1.2681567508489142,95.8519264910513,7.567224822499771,30.82,421.41,NA,625969,10799566,65.60604779267265,66559,201.97516414421426,105.95934155234143,0.170084,0.878,152,907,167.58544652701212
Hawaii,2021,3.557780998814073,0.922387666359204,97.5951646090535,13.176966662274344,121.95,584.84998,NA,81220,1441553,28.148516034123986,84857,136.41308557898603,79.68073956625729,0.043323,0.932,14,200,70
Idaho,2021,3.0553301188714377,1.0980092614694228,95.69646854584497,32.27192438057956,80.74,435.54001,NA,113051,1900923,70.46555592571333,66474,130.8746057602329,77.3752807102231,0.107605,0.86,23,676,34.023668639053255
Indiana,2021,2.403753947654422,1.649384357699045,97.59174455023022,40.863817110125176,15.34,506.26999,NA,408030,6805985,59.612024444186474,62743,160.21406315778617,82.60861464219003,0.093174,0.795,129,3196,40.36295369211514
Iowa,2021,1.823960204504629,0.8567085809036894,98.208712172615,8.042006356224954,36.91,552.15002,NA,187257,3193079,33.52226865656368,65600,125.27273731598862,69.48802857192392,0.064274,0.829,31,291,106.52920962199312
Kansas,2021,2.7210128831630382,1.971346068414038,99.04845718057312,15.409817858729452,NA,484.54001,NA,177567,2934582,50.372851627714255,64124,133.6637251263973,79.90645440326897,0.120773,0.864,71,555,127.92792792792793
Kentucky,2021,1.0727842878362766,0.2888265390328437,97.57236603728008,19.35137811520053,29.64,491.73999,NA,259278,4509394,39.78705676435885,55573,220.5965833451388,121.94920019456124,0.068697,0.754,14,938,14.925373134328359
Louisiana,2021,1.4153029632905794,0.9199469261388764,98.56318331618684,6.828836797877045,41.21,601.83002,NA,281958,4624047,39.95188658025698,52087,268.814850365281,151.66619659775543,0.085601,0.733,52,386,134.71502590673575
Maine,2021,2.396804260985353,1.775410563692854,96.42215184456047,25.12205947625388,44.34,652.84998,NA,61034,1372247,42.82547971824144,64767,151.2034527095089,72.12794269849354,0.064237,0.882,20,283,70.6713780918728
Maryland,2021,1.1080937665823891,0.5774573149795549,98.4360597308425,7.9127259106657934,108.77,476.95001,NA,350650,6165129,43.38486359432263,90203,139.88570916678177,73.6466484287553,0.071752,0.898,37,507,72.97830374753451
Massachusetts,2021,2.2469644374666915,1.829259509988909,99.03287925254976,19.949011191611337,104.32,597.90997,NA,346175,6984723,12.573263465225727,89645,126.36892705374508,71.3106822088801,0.028446,0.887,127,1385,91.69675090252707
Michigan,2021,1.891234325903015,1.1032200234434253,98.8895490984892,5.791905123077983,19.78,542.44,NA,545979,10050811,30.46593801401525,63498,177.96268380408335,90.03538674789432,0.058095,0.853,112,588,190.47619047619045
Missouri,2021,1.8716656350399383,1.2379520735697234,97.8033382340223,10.168892032894156,6.54,613.01001,NA,353946,6168187,58.5574063790033,61847,161.70650765763367,83.97273842787659,0.125026,0.807,84,690,121.73913043478261
Montana,2021,0.7486430844095078,0.5614823133071308,94.98666666666666,5.240501590866554,18.33,737.02002,NA,56091,1104271,69.95470558631102,63249,141.40973772321428,72.41413089618791,0.101304,0.877,6,56,107.14285714285714
Nebraska,2021,2.436152503146697,1.5428965853262415,99.314488487439,10.962686264160135,40.33,474.92999,NA,124596,1963692,47.08076851333706,66817,125.23489310783594,67.13225700910041,0.09484,0.843,38,270,140.74074074074076
Nevada,2021,1.8972332015810276,1.233201581027668,94.9984980474617,6.861660079051384,13.52,762.27002,NA,177077,3143991,86.39526050291572,66274,187.541493579165,105.94059143208933,0.142918,0.793,39,217,179.72350230414747
New Jersey,2021,0.8943992104613866,0.4729007319680895,98.72723951038304,3.320585574471585,32.44,564.17999,NA,516200,9267130,35.593784089275495,89296,142.3884682127704,73.84437958953116,0.097407,0.816,46,323,142.41486068111456
New Mexico,2021,2.1076523994811933,1.5131863380890618,99.49991934182933,14.429312581063554,159.25,516.48999,NA,115102,2115877,63.77379252264796,53992,238.92705603595365,143.25812061968693,0.130668,0.786,28,267,104.86891385767791
North Carolina,2021,2.01351107020168,1.191669817058137,98.97589822429374,5.383060208090205,14.8,523.5,NA,582801,10551162,54.92863063498176,61972,180.88059646913746,93.67742800280747,0.137445,0.835,145,655,221.37404580152673
North Dakota,2021,1.3024225058609014,0.9551098376313276,98.5706949674769,9.898411044542849,61.18,726.85999,NA,51150,774948,73.44406232489757,66519,104.9414275235068,62.66074596626041,0.083068,0.835,11,114,96.49122807017544
Ohio,2021,2.240330685430751,1.0570574360835234,97.19606820830522,35.15899248227062,24,471.59,NA,668935,11780017,50.62039906064117,62262,185.57911493055528,94.27029705788301,0.077154,0.827,134,4457,30.06506618801885
Oklahoma,2021,2.2130614016055543,2.017791277934476,99.09270725834192,2.2130614016055543,89.47,414.38,NA,241605,3986639,74.45753371285949,55826,211.6404762158079,114.7189784088045,0.188068,0.78,93,102,911.7647058823529
Oregon,2021,2.812492357357725,2.249993885886179,98.39730477680185,32.16023869500355,35.51,610.78998,NA,210330,4246155,34.41087437611569,71562,135.10617095953057,75.81268879882205,0.072931,0.937,92,1315,69.9619771863118
Pennsylvania,2021,1.8510662913115576,1.0643631175041457,98.10976670979848,7.303999074466854,15.75,545.90002,NA,678078,12964056,44.3232593915586,68957,169.20408417496142,83.4665482309678,0.062467,0.83,138,947,145.7233368532207
Rhode Island,2021,1.4823049842505094,1.1117287381878822,98.11835287701118,22.419862886788955,NA,614.45001,NA,52767,1095610,25.091942126010263,74008,150.14291567728208,69.86506300285058,0.051256,0.81,12,242,49.586776859504134
South Carolina,2021,2.471519598378065,1.8922571925082063,97.32584142972584,5.754006564973933,27.15,472.72,NA,275793,5190705,53.178408485518716,59318,200.86910316414694,108.2929718258357,0.133813,0.807,98,298,328.8590604026846
South Dakota,2021,3.095427611214292,0,92.6044226044226,6.367736800212258,37.06,519.56,NA,58079,895376,75.6665099000289,66143,145.83768576164013,79.09987613803827,0.137514,0.886,0,72,0
Tennessee,2021,1.790489477967678,0.9068712940355772,98.62174930055497,17.381699802348564,70.35,528.85999,NA,397258,6975218,49.36064516407243,59695,180.50465850353493,96.75327698418174,0.124282,0.777,78,1495,52.17391304347826
Texas,2021,1.3014752816409088,0.3813239678693109,98.81416557448668,6.297371904160576,17.91,546.94,NA,1891627,29527941,118.21970014771424,66963,195.5988026593395,110.30579050980003,0.240566,0.829,138,2279,60.5528740675735
Utah,2021,2.385375327197501,1.6676517774212616,98.75132892789394,14.861099383602127,NA,284.07999,NA,234281,3337975,79.22952775243843,79449,81.38415734855032,59.014215990326356,0.10474,0.911,79,704,112.2159090909091
Vermont,2021,1.5857284440039645,0.7928642220019821,98.53515625,8.721506442021804,56.18,688.84998,NA,27160,645570,18.836200401310208,72431,104.2457954891139,63.19718369597489,0.02725,0.929,4,44,90.9090909090909
Virginia,2021,1.4590921677636484,0.34080984940464776,97.68414481897628,12.00289688371994,41.98,493.20001,NA,480992,8642274,44.086663406839435,80963,130.67667464224343,68.73572711349578,0.083934,0.841,32,1127,28.393966282165042
Washington,2021,2.0535386872020536,1.5279305708348612,99.1263888720602,6.735117956240068,89,492.53,NA,432524,7738692,30.933551114353158,84247,120.34097693194855,65.08504290734358,0.085728,0.912,125,551,226.86025408348456
West Virginia,2021,0.946126447016919,0.6678539626001782,98.65480700598474,32.50222617987533,NA,409.82001,NA,88784,1782959,33.127120335262425,51248,207.00955642429278,123.1831080964164,0.075136,0.687,12,584,20.54794520547945
Wisconsin,2021,1.6763207249672205,0.8962506846359396,97.98663175527332,7.867089342915471,17.47,686.64001,NA,315264,5895908,40.26241888184936,67125,134.01940863927956,68.11315572644878,0.063876,0.833,54,474,113.92405063291139
Wyoming,2021,2.1621621621621623,1.8018018018018016,98.28227377368516,5.7657657657657655,27.23,656.81,NA,30233,578803,113.64156066885808,65204,134.36191657621336,78.00017237607156,0.15659,0.893,10,32,312.5
Alaska,2022,1.858088491464406,0.4645221228661015,92.3233622815482,6.967831842991523,91.15,608,NA,46497,733583,84.06523781433658,88121,139.0889103451485,72.7178606169897,0.1306,0.915,4,60,66.66666666666667
Arizona,2022,2.1045877446262433,1.3089509143407123,98.09043075451272,5.659287776708374,16.57,525.96997,NA,393413,7359197,84.2239229594174,74568,157.83060201171378,88.6993973518196,0.13325,0.862,102,441,231.29251700680274
Arkansas,2022,1.1737778038617288,0.7629555725101238,98.87712171768462,5.4874112330535825,45.34,426.62,NA,177765,3045637,59.25811767536869,55432,220.59652333028362,118.46264395519923,0.10944,0.834,26,187,139.0374331550802
California,2022,2.241727709017429,1.7146909670274155,99.51900533203134,4.617036159092234,130.29,625.03998,NA,2118386,39029342,31.8748337085508,91551,152.96189485458132,86.4825648106986,0.07716,0.901,706,1901,371.383482377696
Connecticut,2022,2.4549015281072433,1.572240304518122,99.10880262438492,12.715838252330778,39.16,514.07001,NA,178453,3626205,31.529713795979227,88429,124.82415908504457,64.67532150965222,0.06684,0.911,57,461,123.64425162689804
Florida,2022,1.3801226376076676,0.7282731833630037,99.03522089301056,11.148873424322527,19.78,642.5,NA,1101350,22244823,74.08699390242829,69303,171.45112003494492,90.28236758186749,0.14901,0.866,162,2480,65.3225806451613
Georgia,2022,1.6727729679888372,1.142381539114328,96.45887445887446,7.099085278781895,31.09,431.51001,NA,621126,10912876,62.25346606128394,72837,166.16041153590731,93.51303254679254,0.1617,0.811,140,870,160.91954022988506
Hawaii,2022,5.207989979563584,2.043641637550267,97.92769528728212,13.382556529764653,NA,592.29999,NA,78927,1440196,30.21301493612124,92458,126.25197225550075,66.0196029273068,0.04802,0.907,31,203,152.70935960591135
Idaho,2022,1.8165304268846505,1.0038720780152015,95.70846868280184,32.12390649648645,51.23,414.85999,NA,111816,1939033,57.40354852414575,72785,132.65908867988273,67.774037668534,0.10513,0.907,21,672,31.25
Indiana,2022,2.071485551066622,1.3638352075345463,97.14399990000877,40.24600499215151,15.23,503.88,NA,399031,6833037,54.87310403362364,66785,157.18256721399194,88.15612382234187,0.08439,0.86,106,3128,33.887468030690535
Iowa,2022,1.7503889753278508,0.8057346076905979,97.98807546758869,8.196265836852634,37.11,528.15997,NA,180010,3200517,37.24865226458899,69588,122.11342775995922,67.58723052216654,0.053900000000000003,0.875,29,295,98.30508474576271
Kansas,2022,2.1462218134180673,1.5051425704490342,98.97376479351156,11.3443152994955,18,485.51999,NA,176673,2937150,51.935300996612234,68925,137.81736001752677,76.63217662717938,0.12336,0.878,54,407,132.67813267813267
Kentucky,2022,1.1141831386951675,0.1650641686955804,97.59958113496316,22.180497668468615,29.52,483.32001,NA,260433,4512310,43.02733706601453,59341,209.17997391212762,118.8994347872454,0.06077,0.739,8,1075,7.44186046511628
Louisiana,2022,1.9165666589048704,1.3612996829604689,98.92269255984549,13.648820505472068,24.82,607.89001,NA,270937,4590241,35.23449325968627,55416,245.5831955888707,140.00249306671074,0.07521,0.724,76,762,99.73753280839895
Maine,2022,2.316052022091573,2.226973098164974,95.70332480818416,26.189203634420096,36.14,632.37,NA,61018,1385340,45.77723284122487,69543,116.50911645058386,62.221143866176014,0.0866,0.894,25,294,85.03401360544217
Maryland,2022,1.1334171751517692,0.8694707097054668,98.42295878604504,8.182340428835374,NA,449.84,NA,349193,6164660,42.030428559825,94991,116.06761897321563,65.57600748117098,0.07609,0.908,56,527,106.2618595825427
Massachusetts,2022,1.9748210318439892,1.5246780025266091,99.03648417389304,17.613661114902637,112.1,604.02002,NA,342252,6981974,15.371480343265985,94488,115.29908042466252,68.67553375030083,0.026,0.879,105,1213,86.56224237427865
Michigan,2022,1.7213969642658242,1.053089907550857,98.59530370192884,5.771742762538352,NA,518.77002,NA,536805,10034118,26.946668099357083,66986,182.07093980816583,91.0883008443984,0.05753,0.812,104,570,182.4561403508772
Missouri,2022,1.855204963044317,1.350589213096263,97.25181143731416,13.12000949864941,6.46,597.72998,NA,349648,6177957,57.81503185278906,64811,168.95572961020778,86.71208834612212,0.10757,0.894,91,884,102.94117647058823
Montana,2022,1.2369172216936253,1.141769743101808,93.60527253295334,5.99429115128449,17.51,708.41998,NA,57024,1122867,68.68301689880785,67631,134.2687632100898,72.78113218244182,0.1025,0.919,12,63,190.47619047619045
Nebraska,2022,1.699923098716963,1.699923098716963,100,2.549884648075444,44.13,478.64001,NA,121107,1967923,45.634024823959,69597,137.78754421695788,76.79502387384245,0.08758,0.912,42,63,666.6666666666666
Nevada,2022,1.6706594376497288,0.788046904551759,96.34353741496598,6.115243979321649,10.05,792.41998,NA,172575,3177772,75.68880411441243,72333,161.10981855450285,91.18792864104148,0.14222,0.826,25,194,128.86597938144328
New Jersey,2022,0.9942576547693932,0.5377107724773249,98.93900003011352,3.67266603088286,38.05,542.26001,NA,513333,9261699,39.01966617746771,96346,128.8776237479009,68.37620492932608,0.09252,0.885,53,362,146.40883977900552
New Mexico,2022,2.1855534914217025,1.6938039558518194,99.321647582352,16.774123046661565,149.39,528.08002,NA,104994,2113344,38.09204508296806,59726,234.76529058994194,126.24694073546269,0.11383,0.874,31,307,100.9771986970684
North Carolina,2022,1.99884148779075,1.4359024565353955,98.87229871984124,5.466219578856337,15.9,511.20001,NA,584492,10698973,48.395190491183875,67481,171.5362032154807,93.26701841718013,0.12388,0.846,176,670,262.6865671641791
North Dakota,2022,1.828655024229679,1.1886257657492914,98.4339843398434,10.971930145378074,72.35,724.75,NA,47844,779261,55.04336543058116,71970,126.75573441548588,65.08533709053937,0.08953,0.862,13,120,108.33333333333334
Ohio,2022,1.6545572260988417,0.7513448273105852,97.065737716365,32.20391818334412,45.19,463.19,NA,661196,11756058,44.86886793184107,65720,177.0470817086653,92.98039485174203,0.06608,0.842,94,4029,23.330851327872924
Oklahoma,2022,1.931264539349515,0.3511390071544573,98.3636991624212,2.326295922398279,66.82,416.85001,NA,240173,4019800,72.61005392820658,59673,197.43015352024548,113.87833559030882,0.15758,0.816,16,106,150.94339622641508
Oregon,2022,2.392040104842609,2.0103315774741075,98.25478184773095,33.10685294042802,51.98,611.33002,NA,199584,4240137,30.197957382423404,75657,137.86013780251574,76.59043515262472,0.0733,0.914,79,1301,60.72252113758647
Pennsylvania,2022,1.6614420062695925,1.0031347962382446,97.90907347017072,5.846394984326019,16.68,546.33002,NA,668734,12972008,51.72062803466961,71798,152.41662035270903,79.09035229302778,0.06438,0.85,128,746,171.58176943699732
Rhode Island,2022,2.2729425134955963,1.325883132872431,98.59930899243626,24.62354389620229,284.53,595.02002,NA,51955,1093734,20.554207705677868,81854,117.36106253060571,67.16616404742727,0.0456,0.86,14,260,53.84615384615385
South Carolina,2022,1.680223011417879,1.298354145186543,97.14359906517788,4.047809982052163,28.29,469.85999,NA,281426,5282634,47.22445817571962,64115,192.2074801856168,100.00986833637012,0.1199,0.786,68,212,320.75471698113205
South Dakota,2022,2.339890805095762,0.17332524482190834,95.9185369908562,2.946529161972441,37.95,507.57001,NA,57246,909824,62.2813579697047,69728,151.72597465704783,76.57002575015677,0.09609,0.894,2,34,58.8235294117647
Tennessee,2022,1.5716729071326214,0.808949290435908,98.65018924711568,9.77672999583969,57.27,528.01001,NA,402215,7051339,52.92868958535381,65254,176.21120578910146,96.45115381366121,0.11907,0.785,70,846,82.74231678486997
Texas,2022,1.298852768411901,0.5062875076870879,98.4570736595958,6.094005131793795,23.33,520.71002,NA,1881718,30029572,108.65577483076935,72284,191.6817740478955,108.68009304891268,0.22074,0.834,191,2299,83.0795998260113
Utah,2022,2.19501172824894,1.6785383804256602,98.69591997111483,14.827089027093333,33,268.35999,NA,228464,3380800,61.37101096026688,89168,84.38396023003428,55.90302901881654,0.09415,0.942,78,689,113.20754716981132
Vermont,2022,1.3958125623130608,0.5982053838484547,98.31405606743776,5.583250249252243,59.66,674.40997,NA,27875,647064,25.911074609079346,73991,116.2378863250069,65.97728820153681,0.03687,0.954,3,28,107.14285714285714
Virginia,2022,1.388028785581584,0.3630229131521066,97.71819082894255,9.363855730423456,43.93,474.53,NA,481682,8683619,43.742527406667755,85873,127.10659865330051,73.53292735670527,0.08468,0.855,34,877,38.76852907639681
Washington,2022,2.235892874789999,1.6800079059195574,98.84973258114148,6.571795631979445,69.35,483.16,NA,421722,7785786,27.753361678452762,91306,114.43495511850855,64.71328299176675,0.07624,0.879,136,532,255.6390977443609
West Virginia,2022,0.4059382973787984,0.4059382973787984,98.28441151325164,27.71978659243795,77.61,399.22,NA,87469,1775156,28.461091537096163,54329,250.03472704542295,130.50679819636161,0.0656,0.717,7,478,14.644351464435147
Wisconsin,2022,2.0026702269692924,1.0783608914450036,97.83963022508038,7.582759919208518,19.4,689.23999,NA,309244,5892539,45.01514083922647,70996,127.29274170301272,68.38373243421205,0.06489,0.888,63,443,142.21218961625283
Wyoming,2022,1.7113519680547633,1.7113519680547633,98.06078687301884,5.894656778855296,23.18,641.45001,NA,30444,581381,78.74299641618414,70042,140.70659557258742,85.61275388778404,0.14738,0.894,9,31,290.32258064516134
